{"nm":"vecteezy_gears-with-cogs-icons-set_24599065","ddd":0,"h":500,"w":500,"meta":{"g":"@lottiefiles/toolkit-js 0.33.2"},"layers":[{"ty":4,"nm":"vecteezy_gears-with-cogs-icons-set_24599065 Outlines","sr":1,"st":0,"op":450,"ip":0,"hd":false,"ddd":0,"bm":0,"hasMask":false,"ao":0,"ks":{"a":{"a":0,"k":[1000.5,1000.5,0],"ix":1},"s":{"a":0,"k":[100,100,100],"ix":6},"sk":{"a":0,"k":0},"p":{"a":0,"k":[269,227,0],"ix":2},"r":{"a":0,"k":0,"ix":10},"sa":{"a":0,"k":0},"o":{"a":0,"k":100,"ix":11}},"ef":[],"shapes":[{"ty":"gr","bm":0,"hd":false,"mn":"ADBE Vector Group","nm":"Group 1","ix":1,"cix":2,"np":4,"it":[{"ty":"sh","bm":0,"hd":false,"mn":"ADBE Vector Shape - Group","nm":"Path 1","ix":1,"d":1,"ks":{"a":0,"k":{"c":true,"i":[[8.798,1.515],[-21.3,-5.617],[-1.562,8.607]],"o":[[-21.863,-3.767],[10.274,2.709],[1.752,-9.66]],"v":[[3.222,-16.202],[-3.672,16.566],[16.588,3.201]]},"ix":2}},{"ty":"sh","bm":0,"hd":false,"mn":"ADBE Vector Shape - Group","nm":"Path 2","ix":2,"d":1,"ks":{"a":0,"k":{"c":true,"i":[[-1.181,3.666],[-5.218,3.09],[0,3.976],[-5.257,3.091],[-1.341,-0.483],[-7.7,0],[-1.344,1.814],[-2.349,-2],[0,-1.083],[-6.046,0],[-4.16,-0.028],[-0.925,-3.499],[2.107,-2.998],[-8.003,-2.148],[1.938,-3.104],[3.782,-1.033],[0.338,-5.386],[-0.224,-3.114],[3.685,-0.046],[7.382,-0.319],[0.877,-5.232],[2.632,1.303],[0.929,0.574],[0,0],[0.925,2.976],[2.578,1.348],[0.449,3.933],[0.469,6.119],[4.759,1.937]],"o":[[5.407,0.792],[2.686,-1.591],[0,-6.16],[1.418,-0.833],[1.388,0.5],[9.009,0],[3.802,0.038],[-0.34,1.439],[0,6.462],[5.269,0],[2.479,2.673],[-2.007,2.358],[-5.706,8.12],[-0.091,4.468],[-3.864,0.046],[-5.068,1.385],[-0.206,3.276],[-1.865,2.105],[-3.251,-3.942],[-5.43,0.235],[-3.3,0.033],[-0.951,-0.471],[0,0],[0.602,-3.389],[-4.549,-14.648],[-2.072,-2.466],[4.425,-1.212],[-0.484,-6.306],[-0.152,-4.512]],"v":[[-40.063,-20.464],[-28.093,-20.962],[-22.524,-29.845],[-21.504,-39.212],[-13.587,-42.074],[-2.631,-34.133],[9.031,-43.537],[20.507,-39.34],[19.311,-34.227],[30.239,-22.579],[37.544,-23.826],[42.42,-13.777],[36.706,-8.782],[43.596,8.597],[39.735,20.331],[31.571,19.677],[22.54,30.177],[24.115,37.35],[13.44,42.27],[1.799,34.466],[-8.198,43.504],[-18.032,41.083],[-19.499,40.226],[-20.452,39.541],[-19.562,31.714],[-37.692,23.944],[-42.428,12.897],[-34.174,1.673],[-43.444,-8.553]]},"ix":2}},{"ty":"mm","bm":0,"hd":false,"mn":"ADBE Vector Filter - Merge","nm":"Merge Paths 1","mm":1},{"ty":"fl","bm":0,"hd":false,"mn":"ADBE Vector Graphic - Fill","nm":"Fill 1","c":{"a":0,"k":[1,1,1],"ix":4},"r":1,"o":{"a":0,"k":100,"ix":5}},{"ty":"tr","a":{"a":0,"k":[0,0],"ix":1},"s":{"a":0,"k":[100,100],"ix":3},"sk":{"a":0,"k":0,"ix":4},"p":{"a":0,"k":[240.922,420.887],"ix":2},"r":{"a":1,"k":[{"o":{"x":0.167,"y":0.167},"i":{"x":0.833,"y":0.833},"s":[0],"t":0},{"s":[-45],"t":30}],"ix":6},"sa":{"a":0,"k":0,"ix":5},"o":{"a":0,"k":100,"ix":7}}]},{"ty":"gr","bm":0,"hd":false,"mn":"ADBE Vector Group","nm":"Group 2","ix":2,"cix":2,"np":4,"it":[{"ty":"sh","bm":0,"hd":false,"mn":"ADBE Vector Shape - Group","nm":"Path 1","ix":1,"d":1,"ks":{"a":0,"k":{"c":true,"i":[[0,12.767],[10.355,-0.16],[-24.573,-0.455]],"o":[[0,-9.805],[-24.828,0.383],[10.824,0.2]],"v":[[18.708,-1.572],[-0.53,-19.185],[-0.552,18.846]]},"ix":2}},{"ty":"sh","bm":0,"hd":false,"mn":"ADBE Vector Shape - Group","nm":"Path 2","ix":2,"d":1,"ks":{"a":0,"k":{"c":true,"i":[[-3.795,4.224],[1.903,3.322],[0.424,1.8],[-3.008,-0.021],[-3.098,1.155],[0,0],[-6.769,0.434],[-2.385,1.474],[-3.323,-2.859],[-5.225,0.763],[0,0],[-7.406,-2.7],[-0.692,-3.601],[-2.783,-2.305],[3.681,-5.218],[-0.767,-5.538],[3.034,-0.426],[1.991,-6.034],[7.159,-0.99],[3.63,-3.662],[1.615,3.03],[2.82,2.205],[4.688,-1.781],[-0.094,1.507],[12.155,3.133],[-1.337,7.742],[3.253,1.724],[0.349,1.256]],"o":[[-0.19,-2.866],[-0.91,-1.589],[2.986,-0.272],[3.424,0.025],[0,0],[5.629,-0.616],[2.073,-2.648],[2.99,2.288],[4.461,0.242],[0,0],[-0.423,9.918],[-0.457,4.047],[0.506,2.638],[-3.059,4.272],[0.089,5.571],[-3.273,1.395],[-7.11,0.997],[-4.568,0.72],[-3.723,3.607],[-1.773,-2.218],[-1.947,-3.653],[-3.711,0.589],[-0.285,-1.369],[1.722,-22.819],[-5.568,-1.434],[-2.118,-2.895],[-2.873,-1.522],[3.682,-3.579]],"v":[[-35.079,-10.376],[-40.988,-22.509],[-42.45,-25.961],[-33.398,-26.1],[-24.753,-26.87],[-24.323,-42.91],[-7.673,-35.966],[0.933,-49.421],[9.741,-35.355],[25.85,-42.439],[25.485,-30.057],[42.959,-23.895],[35.684,-9.026],[49.307,0.619],[35.07,10.114],[41.933,25.452],[27.973,25.354],[23.77,42.579],[7.569,35.9],[-1.281,49.421],[-5.729,41.614],[-10.755,34.752],[-25.869,42.123],[-26.367,38.593],[-41.33,23.89],[-35.658,8.471],[-46.385,1.174],[-49.307,-1.572]]},"ix":2}},{"ty":"mm","bm":0,"hd":false,"mn":"ADBE Vector Filter - Merge","nm":"Merge Paths 1","mm":1},{"ty":"fl","bm":0,"hd":false,"mn":"ADBE Vector Graphic - Fill","nm":"Fill 1","c":{"a":0,"k":[1,1,1],"ix":4},"r":1,"o":{"a":0,"k":100,"ix":5}},{"ty":"tr","a":{"a":0,"k":[0,0],"ix":1},"s":{"a":0,"k":[100,100],"ix":3},"sk":{"a":0,"k":0,"ix":4},"p":{"a":0,"k":[835.783,489.755],"ix":2},"r":{"a":1,"k":[{"o":{"x":0.167,"y":0.167},"i":{"x":0.833,"y":0.833},"s":[0],"t":0},{"s":[-30],"t":30}],"ix":6},"sa":{"a":0,"k":0,"ix":5},"o":{"a":0,"k":100,"ix":7}}]},{"ty":"gr","bm":0,"hd":false,"mn":"ADBE Vector Group","nm":"Group 3","ix":3,"cix":2,"np":4,"it":[{"ty":"sh","bm":0,"hd":false,"mn":"ADBE Vector Shape - Group","nm":"Path 1","ix":1,"d":1,"ks":{"a":0,"k":{"c":true,"i":[[22.693,7.402],[1.845,-8.359],[-8.489,-2.704]],"o":[[-11.447,-3.734],[-2.319,10.509],[21.724,6.92]],"v":[[5.441,-17.123],[-17.503,-4.353],[-4.933,17.475]]},"ix":2}},{"ty":"sh","bm":0,"hd":false,"mn":"ADBE Vector Shape - Group","nm":"Path 2","ix":2,"d":1,"ks":{"a":0,"k":{"c":true,"i":[[-3.723,4.299],[-2.502,-1.389],[-13.586,-4.055],[-3.646,0.365],[-0.347,-3.812],[0.684,-7.599],[-5.041,-1.964],[2.472,-2.16],[6.517,-5.706],[6.335,-3.454],[2.494,0.13],[7.405,0.258],[2.448,-3.45],[0,0],[2.28,0.992],[1.484,2.008],[4.865,5.048],[2.912,-0.364],[-0.103,4.951],[-2.36,2.08],[-0.278,2.78],[4.643,3.175],[-0.824,1.824],[-0.41,1.953],[-5.642,5.33],[-0.594,2.603],[0.387,3.098],[-3.771,0.704],[-7.928,-0.755]],"o":[[3.599,0.101],[-0.341,2.106],[5.161,1.54],[2.322,2.207],[-3.232,2.211],[-0.662,7.356],[-0.543,3.996],[-2.732,-0.377],[-9.68,8.474],[-2.237,1.219],[-1.523,-3.879],[-4.503,-0.157],[0,0],[-2.062,-0.506],[-2.208,-0.961],[1.437,-5.704],[-6.163,-6.394],[-1.043,-4.355],[1.707,-1.638],[1.718,-1.513],[0.804,-8.054],[0.211,-2.489],[0.945,-2.095],[6.176,1.298],[1.318,-1.246],[1.006,-4.413],[2.297,-2.13],[2.013,2.707],[7.679,0.731]],"v":[[14.72,-45.144],[26.41,-39.997],[33.292,-20.761],[42.249,-21.583],[46.784,-9.506],[36.875,1.635],[45.49,14.446],[39.555,26.32],[24.647,27.453],[19.238,43.988],[8.808,46.796],[-2.141,36.871],[-12.692,41.963],[-15.229,45.497],[-21.133,43.132],[-26.495,39.43],[-27.772,24.21],[-43.073,21.923],[-46.681,9.484],[-40.329,5.575],[-36.854,-1.47],[-45.233,-14.618],[-43.346,-20.825],[-40.589,-26.595],[-24.534,-27.577],[-20.723,-33.938],[-21.672,-42.373],[-9.602,-46.927],[1.663,-36.588]]},"ix":2}},{"ty":"mm","bm":0,"hd":false,"mn":"ADBE Vector Filter - Merge","nm":"Merge Paths 1","mm":1},{"ty":"fl","bm":0,"hd":false,"mn":"ADBE Vector Graphic - Fill","nm":"Fill 1","c":{"a":0,"k":[1,1,1],"ix":4},"r":1,"o":{"a":0,"k":100,"ix":5}},{"ty":"tr","a":{"a":0,"k":[0,0],"ix":1},"s":{"a":0,"k":[100,100],"ix":3},"sk":{"a":0,"k":0,"ix":4},"p":{"a":0,"k":[1720.255,1471.399],"ix":2},"r":{"a":0,"k":0,"ix":6},"sa":{"a":0,"k":0,"ix":5},"o":{"a":0,"k":100,"ix":7}}]},{"ty":"gr","bm":0,"hd":false,"mn":"ADBE Vector Group","nm":"Group 4","ix":4,"cix":2,"np":4,"it":[{"ty":"sh","bm":0,"hd":false,"mn":"ADBE Vector Shape - Group","nm":"Path 1","ix":1,"d":1,"ks":{"a":0,"k":{"c":true,"i":[[29.195,7.638],[-27.947,-6.665]],"o":[[-22.552,-5.901],[21.511,5.13]],"v":[[3.796,-20.325],[-2.867,18.686]]},"ix":2}},{"ty":"sh","bm":0,"hd":false,"mn":"ADBE Vector Shape - Group","nm":"Path 2","ix":2,"d":1,"ks":{"a":0,"k":{"c":true,"i":[[-1.802,-0.931],[-9.546,-4.569],[-2.931,2.017],[-2.482,-2.648],[4.531,-8.029],[-1.068,-2.891],[-4.244,-0.708],[0,-13.117],[4.257,-0.748],[1.595,-3.871],[-1.646,-3.294],[12.304,-12.879],[8.742,-4.022],[1.245,-3.117],[0.579,-2.481],[0.935,5.531],[4.022,1.556],[3.372,-1.765],[11.328,12.801],[4.19,8.565],[8.258,1.153],[0.74,2.699],[0.007,0.067],[-3.688,5.359],[-0.094,0.292],[-0.909,3.165],[-2.446,1.398],[-9.691,4.129],[-0.883,3.789],[-1.799,3.209]],"o":[[2.055,13.415],[3.025,1.448],[3.278,-2.255],[8.872,9.464],[-1.844,3.268],[1.384,3.748],[8.629,1.439],[0,4.896],[-4.872,0.856],[-1.163,2.821],[4.707,9.425],[-6.862,-0.927],[-2.834,1.304],[-0.881,2.206],[-16.305,2.663],[-0.746,-4.409],[-3.293,-1.274],[-8.399,4.396],[0.799,-7.763],[-2.729,-5.578],[-3.32,-0.464],[-0.015,-0.054],[-1.754,-16.491],[0.158,-0.229],[-1.091,-3.53],[0.647,-2.25],[9.594,3.752],[3.569,-1.521],[0.931,-3.99],[2.84,-0.31]],"v":[[7.588,-49.552],[18.887,-35.192],[26.178,-37.864],[33.995,-37.252],[35.303,-23.584],[36.625,-15.006],[41.754,-9.178],[49.615,2.522],[42.752,7.261],[36.725,12.821],[35.173,21.465],[31.003,38.271],[16.064,34.553],[9.297,38.828],[7.38,47.82],[-7.955,40.492],[-14.086,34.933],[-22.016,33.652],[-38.441,29.706],[-34.936,14.854],[-43.015,6.971],[-48.281,3.967],[-48.629,2.211],[-37.093,-11.262],[-32.863,-20.85],[-38.112,-31.341],[-29.128,-40.146],[-14.333,-36.757],[-8.023,-41.387],[-5.643,-49.972]]},"ix":2}},{"ty":"mm","bm":0,"hd":false,"mn":"ADBE Vector Filter - Merge","nm":"Merge Paths 1","mm":1},{"ty":"fl","bm":0,"hd":false,"mn":"ADBE Vector Graphic - Fill","nm":"Fill 1","c":{"a":0,"k":[1,1,1],"ix":4},"r":1,"o":{"a":0,"k":100,"ix":5}},{"ty":"tr","a":{"a":0,"k":[0,0],"ix":1},"s":{"a":0,"k":[100,100],"ix":3},"sk":{"a":0,"k":0,"ix":4},"p":{"a":0,"k":[953.497,1379.029],"ix":2},"r":{"a":0,"k":0,"ix":6},"sa":{"a":0,"k":0,"ix":5},"o":{"a":0,"k":100,"ix":7}}]},{"ty":"gr","bm":0,"hd":false,"mn":"ADBE Vector Group","nm":"Group 5","ix":5,"cix":2,"np":4,"it":[{"ty":"sh","bm":0,"hd":false,"mn":"ADBE Vector Shape - Group","nm":"Path 1","ix":1,"d":1,"ks":{"a":0,"k":{"c":true,"i":[[0,0],[9.025,3.357],[-11.473,-24.53],[0,29.11]],"o":[[0,-12.741],[-26.029,-9.681],[13.618,29.117],[0,0]],"v":[[30.15,-2.071],[11.217,-28.39],[-26.865,12.617],[30.15,1.581]]},"ix":2}},{"ty":"sh","bm":0,"hd":false,"mn":"ADBE Vector Shape - Group","nm":"Path 2","ix":2,"d":1,"ks":{"a":0,"k":{"c":true,"i":[[-5.973,-1.229],[-2.312,-2.937],[-5.107,-2.027],[0,0],[-11.354,-8.799],[-0.575,-3.592],[3.335,-5.26],[0.892,-4.411],[4.842,-3.097],[2.549,-5.824],[2.071,1.914],[14.228,-15.87],[5.339,14.758],[2.738,1.318],[6.38,-0.549],[2.862,4.431],[4.44,3.597],[0,4.351],[5.053,4.801],[0.361,2.847],[-5.597,4.448],[-7.276,-0.207],[-0.789,-0.148],[0,0],[-2.457,0.696],[-0.823,7.028],[-3.891,-3.53],[-14.869,17.512],[-1.154,1.649],[-2.008,-5.682],[-2.319,-1.205]],"o":[[0.711,5.009],[2.199,2.795],[0,0],[-6.401,7.273],[2.598,2.013],[-6.274,3.564],[-0.392,7.34],[-4.558,2.397],[-4.307,2.755],[-2.901,-0.283],[-15.042,-13.907],[-6.338,7.068],[-1.142,-3.155],[-4.58,-2.205],[-1.375,-5.808],[-3.209,-4.969],[1.25,-5.252],[0,-4.372],[-2.594,-2.464],[4.878,-4.212],[3.348,-5.629],[0.176,0.005],[0,0],[2.174,0.53],[3.925,-1.111],[2.263,-19.325],[20.92,18.98],[1.338,-1.575],[3.205,1.929],[1.081,3.059],[4.151,2.158]],"v":[[51.784,-60.898],[48.119,-33.896],[75.392,-27.617],[62.753,-11.892],[68.499,4.199],[78.565,13.998],[53.507,24.953],[61.108,50.517],[34.254,47.939],[27.845,74.403],[17.03,66.608],[-8.876,73.539],[-18.866,65.295],[-24.481,53.304],[-51.052,60.916],[-48.016,33.821],[-74.632,26.797],[-58.305,5.233],[-75.97,-11.308],[-77.932,-14.487],[-53.124,-24.584],[-58.549,-51.918],[-55.199,-51.171],[-40.957,-48.545],[-34.945,-47.948],[-29.936,-61.283],[-22.083,-71.759],[9.267,-74.139],[13.407,-78.828],[19.181,-66.342],[24.85,-53.547]]},"ix":2}},{"ty":"mm","bm":0,"hd":false,"mn":"ADBE Vector Filter - Merge","nm":"Merge Paths 1","mm":1},{"ty":"fl","bm":0,"hd":false,"mn":"ADBE Vector Graphic - Fill","nm":"Fill 1","c":{"a":0,"k":[1,1,1],"ix":4},"r":1,"o":{"a":0,"k":100,"ix":5}},{"ty":"tr","a":{"a":0,"k":[0,0],"ix":1},"s":{"a":0,"k":[100,100],"ix":3},"sk":{"a":0,"k":0,"ix":4},"p":{"a":0,"k":[1482.715,1014.048],"ix":2},"r":{"a":0,"k":0,"ix":6},"sa":{"a":0,"k":0,"ix":5},"o":{"a":0,"k":100,"ix":7}}]},{"ty":"gr","bm":0,"hd":false,"mn":"ADBE Vector Group","nm":"Group 6","ix":6,"cix":2,"np":4,"it":[{"ty":"sh","bm":0,"hd":false,"mn":"ADBE Vector Shape - Group","nm":"Path 1","ix":1,"d":1,"ks":{"a":0,"k":{"c":true,"i":[[0,0],[8.337,3.546],[-29.056,-24.77],[-8.434,0],[0,13.253]],"o":[[0,-11.353],[-29.41,-12.509],[6.481,5.525],[13.329,0],[0,0]],"v":[[30.583,-2.553],[11.855,-27.965],[-17.874,23.648],[3.243,29.943],[30.583,1.83]]},"ix":2}},{"ty":"sh","bm":0,"hd":false,"mn":"ADBE Vector Shape - Group","nm":"Path 2","ix":2,"d":1,"ks":{"a":0,"k":{"c":true,"i":[[-6.751,0.264],[-2.902,-3.777],[-5.111,-3.63],[0.138,-5.444],[-1.481,-4.503],[2.957,-4.884],[0.189,-5.823],[4.821,-3.068],[3.566,-7.075],[5.566,0],[5.187,-1.015],[5.387,4.609],[7.818,0.608],[3.021,4.677],[1.419,3.085],[-0.199,4.897],[0.691,6.915],[-1.917,3.955],[-0.676,7.654],[-2.259,1.177],[-3.61,7.023],[-6.104,-1.626],[-4.7,1.816],[-4.926,-2.413]],"o":[[0.457,6.696],[2.588,3.368],[-1.379,5.012],[-0.142,5.607],[-4.611,4.603],[-2.372,3.92],[-6.202,1.907],[-3.866,2.461],[-5.362,-2.192],[-4.853,0],[-4.331,-6.201],[-7.963,-1.74],[-0.715,-7.153],[-3.024,-4.682],[-1.211,-2.632],[0.247,-6.078],[6.301,-3.223],[1.053,-7.29],[5.112,0.277],[4.461,-4.918],[6.015,1.329],[3.68,-0.02],[4.154,4.643],[3.316,1.306]],"v":[[56.573,-56.607],[51.597,-29.01],[77.41,-20.813],[59.389,-0.349],[77.587,20.089],[51.564,29.017],[57.033,55.616],[29.945,51.102],[21.461,76.916],[0.321,59.03],[-20.132,76.833],[-28.897,51.107],[-55.679,56.375],[-50.573,29.423],[-76.376,20.839],[-58.535,0.385],[-76.199,-20.904],[-50.248,-29.571],[-55.935,-56.493],[-29.131,-50.296],[-20.677,-76.812],[0.321,-58.51],[20.773,-76.916],[30.195,-50.63]]},"ix":2}},{"ty":"mm","bm":0,"hd":false,"mn":"ADBE Vector Filter - Merge","nm":"Merge Paths 1","mm":1},{"ty":"fl","bm":0,"hd":false,"mn":"ADBE Vector Graphic - Fill","nm":"Fill 1","c":{"a":0,"k":[1,1,1],"ix":4},"r":1,"o":{"a":0,"k":100,"ix":5}},{"ty":"tr","a":{"a":0,"k":[0,0],"ix":1},"s":{"a":0,"k":[100,100],"ix":3},"sk":{"a":0,"k":0,"ix":4},"p":{"a":0,"k":[868.534,368.761],"ix":2},"r":{"a":1,"k":[{"o":{"x":0.167,"y":0.167},"i":{"x":0.833,"y":0.833},"s":[0],"t":0},{"s":[30],"t":30}],"ix":6},"sa":{"a":0,"k":0,"ix":5},"o":{"a":0,"k":100,"ix":7}}]},{"ty":"gr","bm":0,"hd":false,"mn":"ADBE Vector Group","nm":"Group 7","ix":7,"cix":2,"np":4,"it":[{"ty":"sh","bm":0,"hd":false,"mn":"ADBE Vector Shape - Group","nm":"Path 1","ix":1,"d":1,"ks":{"a":0,"k":{"c":true,"i":[[16.381,3.587],[4.667,-3.601],[-23.786,-3.886],[-1.485,13.949]],"o":[[-7.814,-1.711],[-18.18,14.028],[15.926,2.602],[1.793,-16.845]],"v":[[3.337,-27.371],[-17.382,-21.285],[-4.742,27.409],[27.307,4.39]]},"ix":2}},{"ty":"sh","bm":0,"hd":false,"mn":"ADBE Vector Shape - Group","nm":"Path 2","ix":2,"d":1,"ks":{"a":0,"k":{"c":true,"i":[[-1.398,-3.27],[-16.298,-13.766],[-2.169,-2.323],[0.835,-3.974],[4.692,-3.079],[-12.203,-9.157],[1.888,-1.989],[3.49,-1.622],[4.748,1.67],[3.207,-4.892],[3.944,-1.844],[3.811,0.509],[8.921,3.719],[3.656,-1.8],[1.053,-0.902],[1.136,-1.266],[1.578,-1.317],[1.206,3.609],[0,10.231],[8.548,0],[0,0],[-1.538,5.032],[-6.219,5.12],[11.327,7.35],[-2.948,3.016],[-5.642,-4.44],[-2.126,-0.761],[-3.539,1.814],[-1.02,4.67],[-4.85,-1.421],[-13.39,-4.873],[-3.813,3.03]],"o":[[-0.62,1.556],[7.229,6.106],[2.47,3.061],[-4.563,1.709],[-10.466,6.87],[-1.159,2.868],[-3.069,3.233],[-3.563,-1.549],[-8.457,-2.973],[-7.197,10.978],[-3.117,1.457],[-1.742,-10.955],[-3.52,-1.468],[-1.68,0.827],[-1.481,1.267],[-1.248,1.391],[-4.004,-1.162],[5.109,-6.43],[0,-8.491],[0,0],[-1.457,-4.82],[8.319,-1.406],[8.876,-7.306],[1.36,-4.629],[9.577,-9.799],[1.221,0.962],[4.57,1.636],[12.107,-6.207],[5.181,-1.204],[1.458,1.091],[12.69,4.618],[4.627,0.803]],"v":[[58.038,-46.755],[57.618,-17.224],[73.118,-12.775],[74.453,7.738],[61.1,11.19],[61.533,42.118],[54.976,51.088],[46.982,58.055],[37.472,51.825],[17.12,57.761],[12.193,73.934],[-7.779,74.466],[-19.596,54.171],[-33.648,54.489],[-38.437,57.729],[-40.24,59.574],[-42.132,61.594],[-57.882,46.734],[-50.736,29.936],[-68.429,13.427],[-73.359,13.562],[-74.05,-7.839],[-59.111,-12.608],[-61.48,-41.391],[-54.865,-50.723],[-42.096,-54.069],[-37,-51.237],[-23.645,-52.337],[-13.314,-73.431],[7.464,-73.97],[19.824,-53.911],[41.977,-61.131]]},"ix":2}},{"ty":"mm","bm":0,"hd":false,"mn":"ADBE Vector Filter - Merge","nm":"Merge Paths 1","mm":1},{"ty":"fl","bm":0,"hd":false,"mn":"ADBE Vector Graphic - Fill","nm":"Fill 1","c":{"a":0,"k":[1,1,1],"ix":4},"r":1,"o":{"a":0,"k":100,"ix":5}},{"ty":"tr","a":{"a":0,"k":[0,0],"ix":1},"s":{"a":0,"k":[100,100],"ix":3},"sk":{"a":0,"k":0,"ix":4},"p":{"a":0,"k":[347.625,371.331],"ix":2},"r":{"a":1,"k":[{"o":{"x":0.167,"y":0.167},"i":{"x":0.833,"y":0.833},"s":[0],"t":0},{"s":[45],"t":30}],"ix":6},"sa":{"a":0,"k":0,"ix":5},"o":{"a":0,"k":100,"ix":7}}]},{"ty":"gr","bm":0,"hd":false,"mn":"ADBE Vector Group","nm":"Group 8","ix":8,"cix":2,"np":4,"it":[{"ty":"sh","bm":0,"hd":false,"mn":"ADBE Vector Shape - Group","nm":"Path 1","ix":1,"d":1,"ks":{"a":0,"k":{"c":true,"i":[[0,18.207],[4.652,5.213],[10.261,0],[-21.59,-22.088],[-10.8,0]],"o":[[0,-9.315],[-7.255,-8.129],[-20.345,0],[9.148,9.359],[11.447,0]],"v":[[31.874,0.124],[23.266,-22.257],[-3.489,-31.907],[-23.282,22.089],[3.815,31.841]]},"ix":2}},{"ty":"sh","bm":0,"hd":false,"mn":"ADBE Vector Shape - Group","nm":"Path 2","ix":2,"d":1,"ks":{"a":0,"k":{"c":true,"i":[[-6.745,-5.649],[-4.914,-0.149],[-3.263,-4.325],[-7.015,-2.03],[-1.248,-4.885],[-3.742,-2.081],[-1.328,-2.437],[1.606,-4.812],[-0.327,-4.715],[4.432,-4.206],[3.745,-5.217],[6.94,-1.135],[5.467,-4.07],[5.239,1.369],[7.417,-0.048],[3.295,4.153],[11.141,1.072],[1.147,5.472],[3.974,2.144],[0,0],[1.204,1.679],[-5.429,3.249],[12.532,21.437],[-17.433,0.034],[1.659,27.623],[-11.911,-7.672],[-3.352,-0.36],[-5.108,3.868]],"o":[[6.705,-0.937],[2.451,5.706],[3.363,4.459],[0.224,5.007],[0.807,3.16],[3.253,1.81],[-4.13,4.875],[-1.566,4.694],[-6.368,3.408],[-5.028,4.77],[-4.649,0.56],[-5.479,0.896],[-4.892,-1.964],[-6.324,-1.653],[-1.354,-6.313],[-3.017,-3.803],[-0.854,-6.068],[-0.708,-3.378],[0,0],[-2.114,-1.233],[1.335,-3.01],[15.785,-9.445],[-6.603,-11.294],[16.296,-0.031],[-0.596,-9.931],[2.725,1.755],[6.078,-3.155],[5.154,1.33]],"v":[[16.033,-59.853],[42.252,-73.442],[43.585,-44.746],[73.547,-42.592],[60.42,-16.309],[72.447,-7.858],[84.844,0.124],[60.516,15.991],[73.558,42.125],[44.361,44.308],[42.006,73.368],[16.378,60.891],[0.162,84.518],[-16.178,60.97],[-43.059,73.282],[-44.381,44.674],[-73.253,42.841],[-60.696,16.488],[-72.125,8.095],[-81.95,2.636],[-84.844,0.124],[-72.297,-8.087],[-69.488,-33.944],[-59.004,-43.064],[-43.353,-65.777],[-29.87,-66.96],[-16.637,-59.914],[-0.568,-84.517]]},"ix":2}},{"ty":"mm","bm":0,"hd":false,"mn":"ADBE Vector Filter - Merge","nm":"Merge Paths 1","mm":1},{"ty":"fl","bm":0,"hd":false,"mn":"ADBE Vector Graphic - Fill","nm":"Fill 1","c":{"a":0,"k":[1,1,1],"ix":4},"r":1,"o":{"a":0,"k":100,"ix":5}},{"ty":"tr","a":{"a":0,"k":[0,0],"ix":1},"s":{"a":0,"k":[100,100],"ix":3},"sk":{"a":0,"k":0,"ix":4},"p":{"a":0,"k":[468.219,1547.224],"ix":2},"r":{"a":0,"k":0,"ix":6},"sa":{"a":0,"k":0,"ix":5},"o":{"a":0,"k":100,"ix":7}}]},{"ty":"gr","bm":0,"hd":false,"mn":"ADBE Vector Group","nm":"Group 9","ix":9,"cix":2,"np":4,"it":[{"ty":"sh","bm":0,"hd":false,"mn":"ADBE Vector Shape - Group","nm":"Path 1","ix":1,"d":1,"ks":{"a":0,"k":{"c":true,"i":[[0,24.045],[1.079,2.099],[2.241,2.228],[9.592,-20.803],[-8.331,-7.818],[-8.02,-1.907]],"o":[[0,-2.851],[-1.804,-3.509],[-15.081,-14.993],[-5.865,12.722],[4.63,4.345],[19.405,4.613]],"v":[[32.211,-2.268],[28.609,-14.565],[21.902,-23.183],[-29.309,-12.804],[-22.416,22.577],[-6.915,31.28]]},"ix":2}},{"ty":"sh","bm":0,"hd":false,"mn":"ADBE Vector Shape - Group","nm":"Path 2","ix":2,"d":1,"ks":{"a":0,"k":{"c":true,"i":[[-1.273,-2.93],[-4.343,-1.039],[0.084,-2.036],[0.02,-0.093],[3.031,-3.532],[-7.659,-6.165],[-0.928,-2.38],[3.971,-1.199],[2.706,-0.769],[1.781,-2.808],[2.003,-5.738],[5.64,-2.419],[0.763,-3.956],[0.483,-2.298],[2.121,-2.885],[1.921,1.818],[2.065,1.939],[6.877,-7.518],[1.836,-2.14],[2.863,-1.074],[1.422,4.894],[2.971,1.568],[5.991,1.795],[2.706,4.554],[4.405,0.957],[0,0],[0.145,0.069],[0,0],[-1.788,1.676],[10.991,10.159],[0,0],[0.174,2.581],[-2.526,4.127],[1.886,9.948],[-2.723,0.983],[-1.572,5.747],[-1.665,2.261],[-3.827,-3.776],[-13.017,13.905],[-3.279,1.757],[-0.962,-3.862],[-4.975,0.807],[0,0],[1.811,-5.841]],"o":[[2.35,2.935],[1.375,0.328],[-0.01,0.234],[-0.593,2.722],[-8.316,9.691],[2.565,2.065],[-2.586,2.75],[-2.76,0.834],[-3.618,1.027],[-2.501,6.685],[-6.763,-0.235],[-2.851,1.852],[-0.504,2.609],[-0.88,4.19],[-2.52,-0.542],[-2.049,-1.938],[-9.683,-9.092],[-2.065,2.257],[-2.034,2.371],[-2.343,-1.784],[-0.975,-3.356],[-5.58,-2.944],[-0.825,-6.233],[-2.197,-3.698],[0,0],[-0.209,-0.061],[0,0],[-1.833,-1.366],[14.207,-13.314],[0,0],[-1.607,-1.443],[4.767,-4.072],[2.656,-4.338],[5.797,-0.525],[3.978,-3.092],[1.015,-3.712],[2.911,-0.15],[18.849,18.596],[2.836,-3.03],[2.366,2.023],[0.929,3.73],[0,0],[5.483,-1.804],[-1.168,3.766]],"v":[[53.228,-32.642],[66.452,-28.311],[80.98,-23.989],[80.988,-23.489],[72.073,-13.707],[66.435,3.837],[82.486,19.643],[69.29,24.406],[61.913,26.55],[55.46,29.709],[61.246,58.72],[32.927,53.772],[29.991,59.566],[28.263,67.338],[24.341,81.578],[19.053,77.524],[13.838,72.499],[-4.144,67.121],[-9.118,72.357],[-19.486,82.388],[-24.264,68.969],[-29.838,55.521],[-58.437,61.513],[-53.467,33.19],[-66.884,28.354],[-77.556,25.87],[-79.255,25.334],[-80.653,24.396],[-72.123,13.755],[-72.09,-8.827],[-80.2,-16.076],[-82.099,-19.797],[-55.309,-29.389],[-62.134,-58.408],[-33.364,-52.451],[-28.349,-65.937],[-24.442,-80.905],[-18.543,-76.977],[9.295,-72.094],[19.542,-82.388],[26.612,-61.526],[32.822,-54.318],[54.056,-60.998],[57.601,-55.207]]},"ix":2}},{"ty":"mm","bm":0,"hd":false,"mn":"ADBE Vector Filter - Merge","nm":"Merge Paths 1","mm":1},{"ty":"fl","bm":0,"hd":false,"mn":"ADBE Vector Graphic - Fill","nm":"Fill 1","c":{"a":0,"k":[1,1,1],"ix":4},"r":1,"o":{"a":0,"k":100,"ix":5}},{"ty":"tr","a":{"a":0,"k":[0,0],"ix":1},"s":{"a":0,"k":[100,100],"ix":3},"sk":{"a":0,"k":0,"ix":4},"p":{"a":0,"k":[330.822,1627.767],"ix":2},"r":{"a":0,"k":0,"ix":6},"sa":{"a":0,"k":0,"ix":5},"o":{"a":0,"k":100,"ix":7}}]},{"ty":"gr","bm":0,"hd":false,"mn":"ADBE Vector Group","nm":"Group 10","ix":10,"cix":2,"np":4,"it":[{"ty":"sh","bm":0,"hd":false,"mn":"ADBE Vector Shape - Group","nm":"Path 1","ix":1,"d":1,"ks":{"a":0,"k":{"c":true,"i":[[28.615,6.684],[2.907,-15.686],[-24.021,15.79]],"o":[[-18.098,-4.228],[-5.435,29.319],[22.493,-14.785]],"v":[[6.8,-31.222],[-31.187,-6.798],[18.158,26.486]]},"ix":2}},{"ty":"sh","bm":0,"hd":false,"mn":"ADBE Vector Shape - Group","nm":"Path 2","ix":2,"d":1,"ks":{"a":0,"k":{"c":true,"i":[[-6.64,2.258],[-4.946,-2.267],[-5.499,-1.372],[-0.288,-8.455],[-7.459,-1.776],[-3.437,-2.522],[2.084,-2.129],[0.155,-3.468],[-0.874,-7.073],[0,0],[1.298,-3.489],[1.007,-5.763],[7.478,-1.13],[3.061,-5.729],[2.762,3],[3.849,0.095],[4.985,-0.237],[5.425,3.363],[2.568,2.689],[2.094,3.955],[6.771,3.858],[-3.128,3.028],[12.536,12.565],[1.605,4.141],[-1.96,3.223],[-0.166,6.261],[-8.368,2.009],[-3.045,2.906],[-4.08,-0.41]],"o":[[4.353,5.88],[4.422,1.734],[0.849,6.691],[5.573,3.551],[4.414,1.051],[-0.482,3.007],[-3.081,3.148],[-0.287,6.381],[0,0],[-4.498,1.03],[-1.59,4.275],[-7.984,-0.749],[-3.894,1.707],[-3.37,-0.805],[-2.275,-2.471],[-5.282,-0.131],[-4.293,-5.18],[-5.05,-3.13],[-2.104,-2.203],[-2.83,-5.342],[0.274,-2.924],[13.088,-12.674],[-3.051,-3.058],[4.725,-2.257],[2.81,-4.62],[7.392,-0.952],[2.556,-5.106],[5.254,2.245],[4.941,0.497]],"v":[[22.581,-81.77],[32.094,-53.665],[60.285,-59.391],[53.916,-30.974],[67.192,-26.151],[81.975,-21.685],[77.426,-15.799],[62.826,0.314],[81.785,23.165],[67.37,26.757],[53.865,32.266],[59.834,60.818],[31.255,54.441],[22.079,82.152],[10.991,72.418],[-0.101,63.049],[-22.439,81.665],[-31.692,54.464],[-59.972,59.418],[-54.196,31.726],[-81.776,22.028],[-72.395,11.164],[-71.796,-11.308],[-81.975,-22.708],[-54.152,-31.188],[-59.965,-60.31],[-29.797,-54.338],[-21.246,-82.152],[0.005,-62.438]]},"ix":2}},{"ty":"mm","bm":0,"hd":false,"mn":"ADBE Vector Filter - Merge","nm":"Merge Paths 1","mm":1},{"ty":"fl","bm":0,"hd":false,"mn":"ADBE Vector Graphic - Fill","nm":"Fill 1","c":{"a":0,"k":[1,1,1],"ix":4},"r":1,"o":{"a":0,"k":100,"ix":5}},{"ty":"tr","a":{"a":0,"k":[0,0],"ix":1},"s":{"a":0,"k":[100,100],"ix":3},"sk":{"a":0,"k":0,"ix":4},"p":{"a":0,"k":[388.826,1409.078],"ix":2},"r":{"a":0,"k":0,"ix":6},"sa":{"a":0,"k":0,"ix":5},"o":{"a":0,"k":100,"ix":7}}]},{"ty":"gr","bm":0,"hd":false,"mn":"ADBE Vector Group","nm":"Group 11","ix":11,"cix":2,"np":4,"it":[{"ty":"sh","bm":0,"hd":false,"mn":"ADBE Vector Shape - Group","nm":"Path 1","ix":1,"d":1,"ks":{"a":0,"k":{"c":true,"i":[[11.438,2.381],[2.607,-17.23],[-7.629,39.836],[1.26,3.828]],"o":[[-14.003,-2.915],[-5.653,37.36],[0.827,-4.318],[-3.473,-10.552]],"v":[[4.526,-29.334],[-29.16,-4.262],[29.116,4.305],[28.009,-8.947]]},"ix":2}},{"ty":"sh","bm":0,"hd":false,"mn":"ADBE Vector Shape - Group","nm":"Path 2","ix":2,"d":1,"ks":{"a":0,"k":{"c":true,"i":[[-3.3,-1.489],[-3.201,-5.177],[-4.42,-1.796],[-4.621,6.468],[-0.366,-5.133],[-4.583,-11.79],[-1.801,-1.623],[1.151,-3.83],[2.309,-0.164],[-9.932,-11.663],[-0.897,-2.746],[4.149,-1.864],[13.465,-5.409],[1.047,-4.922],[7.533,-0.012],[0,0],[16.588,8.222],[4.827,-1.894],[3.528,-1.706],[1.759,4.58],[-1.541,5.956],[3.238,4.16],[5.631,0.42],[0.481,4.91],[-0.221,3.36],[-9.651,2.097],[8.43,12.168],[0.852,2.661],[-3.839,1.131],[-3.601,-2.403],[-2.763,-0.283],[-3.05,3.669],[-0.899,3.211],[-1.928,1.295]],"o":[[0.741,5.893],[2.249,3.639],[9.784,3.977],[3.698,2.333],[-5.187,5.217],[5.496,14.141],[1.938,3.72],[-2.328,1.114],[-13.067,0.929],[1.692,1.986],[-1.311,3.574],[-3.408,-1.66],[-12.63,5.073],[-0.773,3.634],[0,0],[-6.13,-1.753],[-4.005,-1.985],[-5.95,2.335],[-3.662,-2.113],[2.946,-3.89],[1.761,-6.81],[-2.28,-2.93],[-5.036,-0.376],[-0.323,-3.298],[0.956,-14.547],[14.336,-3.115],[-1.775,-2.563],[1.474,-3.789],[2.705,1.621],[1.873,1.25],[7.693,0.788],[1.935,-2.328],[1.116,-3.985],[2.972,-1.995]],"v":[[12.836,-78.528],[15.674,-64.566],[24.902,-56.247],[48.585,-63.241],[64.595,-45.54],[57.342,-22.22],[78.664,-9.963],[78.921,12.771],[71.267,13.49],[58.847,44.195],[62.768,49.29],[46.442,64.862],[22.397,57.382],[9.773,77.645],[-1.767,80.013],[-11.03,79.517],[-24.56,56.708],[-38.969,55.929],[-49.247,63.194],[-64.921,46.368],[-56.678,34.539],[-60.189,17.883],[-73.35,10.32],[-79.836,7.016],[-79.958,-3.305],[-70.951,-13.315],[-58.573,-43.633],[-62.957,-49.312],[-46.325,-64.848],[-40.047,-59.228],[-31.692,-55.885],[-14.809,-63.1],[-10.852,-70.851],[-9.125,-79.284]]},"ix":2}},{"ty":"mm","bm":0,"hd":false,"mn":"ADBE Vector Filter - Merge","nm":"Merge Paths 1","mm":1},{"ty":"fl","bm":0,"hd":false,"mn":"ADBE Vector Graphic - Fill","nm":"Fill 1","c":{"a":0,"k":[1,1,1],"ix":4},"r":1,"o":{"a":0,"k":100,"ix":5}},{"ty":"tr","a":{"a":0,"k":[0,0],"ix":1},"s":{"a":0,"k":[100,100],"ix":3},"sk":{"a":0,"k":0,"ix":4},"p":{"a":0,"k":[521.128,871.811],"ix":2},"r":{"a":1,"k":[{"o":{"x":0.167,"y":0.167},"i":{"x":0.833,"y":0.833},"s":[0],"t":0},{"s":[-45],"t":30}],"ix":6},"sa":{"a":0,"k":0,"ix":5},"o":{"a":0,"k":100,"ix":7}}]},{"ty":"gr","bm":0,"hd":false,"mn":"ADBE Vector Group","nm":"Group 12","ix":12,"cix":2,"np":4,"it":[{"ty":"sh","bm":0,"hd":false,"mn":"ADBE Vector Shape - Group","nm":"Path 1","ix":1,"d":1,"ks":{"a":0,"k":{"c":true,"i":[[-8.538,0],[-0.102,14.28],[12.578,0],[-16.219,-16.33]],"o":[[15.268,0],[0.123,-17.236],[-32.924,0],[5.92,5.96]],"v":[[0.645,30.098],[28.856,1.443],[2.105,-28.868],[-21.606,21.481]]},"ix":2}},{"ty":"sh","bm":0,"hd":false,"mn":"ADBE Vector Shape - Group","nm":"Path 2","ix":2,"d":1,"ks":{"a":0,"k":{"c":true,"i":[[-4.02,-1.609],[-2.984,-5.6],[-8.581,3.052],[-3.942,2.554],[-3.107,-5.163],[1.999,-2.183],[-8.493,-4.845],[-7.11,-1.804],[1.255,-7.288],[6.149,-12.817],[-1.237,-2.234],[4.364,-0.744],[6.091,2.713],[4.465,-1.599],[2.076,-2.879],[20.812,0.011],[6.308,12.614],[7.78,-2.878],[1.642,-1.214],[0.981,-0.952],[2.806,-1.335],[0.597,4.12],[-2.68,5.759],[8.255,5.175],[2.716,1.653],[0,0],[0.013,0.201],[-0.057,2.228],[-11.735,5.813],[-1.756,3.717],[1.767,4.731],[1.296,2.856],[-3.645,1.054],[-8.533,-1.53],[-3.743,3.574],[-4.389,1.627]],"o":[[0.597,5.521],[4.62,8.67],[5.913,-2.104],[5.368,2.687],[-1.304,2.339],[-9.282,10.14],[7.299,4.164],[2.292,7.472],[-6.128,0.378],[-6.196,12.914],[-1.932,4.333],[-3.579,-3.612],[-4.218,-1.88],[-4.057,1.452],[-8.969,12.433],[-20.015,-0.011],[-4.223,-8.445],[-2.114,0.782],[-1.239,0.915],[-2.051,1.99],[-3.576,-1.815],[0.308,-1.224],[3.667,-7.881],[-6.151,-3.856],[0,0],[-0.02,-0.114],[-0.152,-2.21],[0.457,-17.926],[3.562,-1.764],[2.005,-4.245],[-2.345,-6.278],[1.843,-4.428],[3.999,3.365],[6.548,1.173],[7.969,-7.611],[4.179,-1.55]],"v":[[12.654,-77.773],[14.757,-64.567],[38.165,-55.257],[48.123,-62.534],[64.496,-46.044],[60.54,-41.658],[64.328,-12.589],[78.528,-9.297],[78.18,14.027],[55.883,25.282],[62.287,49.636],[45.13,65.562],[36.516,58.335],[22.025,57.896],[12.788,65.418],[-1.562,80.715],[-16.066,65.603],[-39.321,56.402],[-44.932,59.581],[-47.266,61.6],[-49.756,63.674],[-65.485,46.715],[-58.1,37.682],[-65.757,13.763],[-79.576,10.238],[-80.325,7.974],[-80.591,5.123],[-80.763,-1.491],[-65.851,-14.67],[-57.259,-23.587],[-56.399,-37.963],[-63.62,-48.235],[-46.835,-64.225],[-32.436,-55.364],[-15.678,-61.632],[-9.116,-79.177]]},"ix":2}},{"ty":"mm","bm":0,"hd":false,"mn":"ADBE Vector Filter - Merge","nm":"Merge Paths 1","mm":1},{"ty":"fl","bm":0,"hd":false,"mn":"ADBE Vector Graphic - Fill","nm":"Fill 1","c":{"a":0,"k":[1,1,1],"ix":4},"r":1,"o":{"a":0,"k":100,"ix":5}},{"ty":"tr","a":{"a":0,"k":[0,0],"ix":1},"s":{"a":0,"k":[100,100],"ix":3},"sk":{"a":0,"k":0,"ix":4},"p":{"a":0,"k":[1669.321,1582.437],"ix":2},"r":{"a":0,"k":0,"ix":6},"sa":{"a":0,"k":0,"ix":5},"o":{"a":0,"k":100,"ix":7}}]},{"ty":"gr","bm":0,"hd":false,"mn":"ADBE Vector Group","nm":"Group 13","ix":13,"cix":2,"np":4,"it":[{"ty":"sh","bm":0,"hd":false,"mn":"ADBE Vector Shape - Group","nm":"Path 1","ix":1,"d":1,"ks":{"a":0,"k":{"c":true,"i":[[-28.613,0],[-0.921,17.842],[20.092,-21.038]],"o":[[15.801,0],[1.469,-28.443],[-19.972,20.913]],"v":[[1.608,31.212],[33.161,-0.296],[-22.082,-23.268]]},"ix":2}},{"ty":"sh","bm":0,"hd":false,"mn":"ADBE Vector Shape - Group","nm":"Path 2","ix":2,"d":1,"ks":{"a":0,"k":{"c":true,"i":[[0,-6.513],[0,0],[-6.691,-1.141],[-1.639,-4.12],[6.393,-3.999],[0.222,-11.093],[-0.137,-3.172],[-0.822,-2.201],[1.282,-2.366],[4.912,-1.329],[6.627,-4.284],[1.662,-6.398],[3.676,1.736],[1.581,2.257],[3.307,0.088],[10.087,-15.429],[4.668,1.889],[-0.617,5.249],[1.448,2.388],[0,0],[11.151,-2.364],[2.905,7.46],[-0.763,4.524],[-3.956,3.42],[9.15,6.28],[-8.4,22.652],[-5.614,0.807],[-1.995,1.911],[-0.64,1.419],[-4.279,3.543],[-0.747,0.033],[-1.875,-2.538],[-3.059,-0.694],[-0.828,0.021],[0,0],[-4.319,0.555],[-0.938,-0.642]],"o":[[0,0],[6.064,0.232],[2.801,2.747],[2.727,6.852],[-13.484,8.434],[-0.055,2.734],[2.809,2.483],[0.612,1.639],[-3.285,6.057],[-1.999,0.541],[-0.662,7.366],[-0.717,1.374],[-1.821,-1.293],[-3.843,-0.155],[-13.978,-0.371],[-3.659,5.598],[-3.724,-1.507],[0.322,-2.737],[0,0],[-3.895,-4.865],[-7.871,1.669],[-1.432,-3.676],[3.156,-3.83],[0.178,-23.885],[-11.371,-7.804],[7.721,-0.18],[1.564,-1.708],[1.672,-1.602],[1.939,-4.301],[0.638,-0.528],[3.457,-0.154],[4.038,5.465],[0.821,0.186],[0,0],[2.618,-1.522],[1.215,-0.156],[4.323,2.96]],"v":[[39.643,-51.966],[52.739,-39.413],[71.001,-41.766],[77.124,-29.065],[74.994,-17.488],[64.945,-0.429],[64.824,8.468],[79.169,19.281],[72.705,37.964],[53.015,37.365],[39.643,49.852],[41.537,69.09],[20.403,76.679],[10.547,62.411],[0.943,63.058],[-16.063,74.063],[-29.629,74.015],[-40.346,65.745],[-37.881,50.177],[-47.497,40.782],[-61.446,39.018],[-72.389,33.507],[-77.065,18.693],[-62.738,8.468],[-70.015,-15.557],[-69.718,-42.04],[-50.014,-39.792],[-44.525,-46.436],[-37.682,-52.708],[-38.846,-72.104],[-20.919,-79.506],[-14.638,-73.858],[-7.623,-64.909],[-5.221,-64.844],[11.036,-65.37],[22.28,-79.404],[40.212,-72.475]]},"ix":2}},{"ty":"mm","bm":0,"hd":false,"mn":"ADBE Vector Filter - Merge","nm":"Merge Paths 1","mm":1},{"ty":"fl","bm":0,"hd":false,"mn":"ADBE Vector Graphic - Fill","nm":"Fill 1","c":{"a":0,"k":[1,1,1],"ix":4},"r":1,"o":{"a":0,"k":100,"ix":5}},{"ty":"tr","a":{"a":0,"k":[0,0],"ix":1},"s":{"a":0,"k":[100,100],"ix":3},"sk":{"a":0,"k":0,"ix":4},"p":{"a":0,"k":[865.055,1466.572],"ix":2},"r":{"a":0,"k":0,"ix":6},"sa":{"a":0,"k":0,"ix":5},"o":{"a":0,"k":100,"ix":7}}]},{"ty":"gr","bm":0,"hd":false,"mn":"ADBE Vector Group","nm":"Group 14","ix":14,"cix":2,"np":4,"it":[{"ty":"sh","bm":0,"hd":false,"mn":"ADBE Vector Shape - Group","nm":"Path 1","ix":1,"d":1,"ks":{"a":0,"k":{"c":true,"i":[[0,9.177],[4.345,4.136],[9.953,-0.134],[-29.288,-14.453],[-10.065,10.52]],"o":[[0,-8.957],[-5.222,-4.971],[-35.126,0.473],[13.332,6.579],[4.646,-4.856]],"v":[[32.568,0.689],[22.74,-21.814],[0.24,-30.925],[-14.212,29.722],[23.771,22.753]]},"ix":2}},{"ty":"sh","bm":0,"hd":false,"mn":"ADBE Vector Shape - Group","nm":"Path 2","ix":2,"d":1,"ks":{"a":0,"k":{"c":true,"i":[[-3.095,-2.454],[-0.829,-6.776],[-2.05,-1.771],[-1.955,-1.705],[-6.783,-0.81],[-0.042,-1.457],[2.849,-1.532],[0,0],[-3.013,-4.824],[1.451,-2.697],[3.903,0.79],[7.887,-8.405],[2.24,-2.298],[5.032,-3.195],[1.776,0.232],[3.008,2.419],[3.808,0.023],[8.477,-12.97],[3.605,0.194],[1.194,1.415],[3.535,4.285],[0,0],[2.874,0.953],[5.817,0.947],[-0.661,2.409],[-2.252,1.207],[0,0],[3.633,4.135],[-1.39,3.552],[0,0],[-5.595,0.704],[-1.687,1.751],[-1.48,2.844],[-0.326,2.398],[-3.227,1.328],[-3.417,-5.505],[-22.915,0.247],[-4.673,-0.291],[-2.285,-0.901]],"o":[[0.55,7.583],[2.099,2.09],[2.217,1.915],[3.048,2.659],[1.085,1.751],[0.107,3.731],[0,0],[3.582,4.209],[0.021,2.884],[-2.398,4.454],[-14.605,-2.958],[-2.041,2.175],[-0.592,7.079],[-1.81,1.15],[-4.785,-0.624],[-2.563,-2.062],[-11.567,-0.072],[-1.771,2.709],[-2.283,-0.123],[-3.715,-4.404],[0,0],[-2.237,-2.233],[-5.537,0.724],[-2.093,-3.666],[0.51,-1.857],[0,0],[-3.699,-3.966],[-0.815,-4.1],[0,0],[7.799,-0.947],[2.032,-1.602],[2.185,-2.267],[-0.103,-4.243],[0.57,-4.189],[5.595,-2.303],[8.987,14.475],[3.932,-4.361],[2.283,0.143],[4.24,1.672]],"v":[[40.88,-69.217],[38.812,-50.438],[45.085,-44.884],[50.543,-38.638],[70.409,-40.05],[78.646,-21.154],[63.892,-8.871],[64.031,10.184],[78.699,21.14],[72.031,39.594],[63.617,41.09],[45.758,46.214],[39.05,52.546],[39.733,72.334],[21.614,79.161],[10.724,65.419],[0.226,65.276],[-15.122,73.703],[-21.456,79.287],[-39.545,71.886],[-39.091,51.75],[-45.604,45.789],[-52.354,39.454],[-69.896,42.213],[-78.092,21.87],[-63.354,11.111],[-63.458,-8.076],[-77.79,-18.301],[-74.747,-29.777],[-70.612,-39.516],[-51.624,-37.271],[-45.309,-44.121],[-38.353,-51.168],[-41.342,-67.129],[-29.513,-74.373],[-17.131,-73.976],[9.89,-62.951],[21.867,-77.377],[31.541,-73.715]]},"ix":2}},{"ty":"mm","bm":0,"hd":false,"mn":"ADBE Vector Filter - Merge","nm":"Merge Paths 1","mm":1},{"ty":"fl","bm":0,"hd":false,"mn":"ADBE Vector Graphic - Fill","nm":"Fill 1","c":{"a":0,"k":[1,1,1],"ix":4},"r":1,"o":{"a":0,"k":100,"ix":5}},{"ty":"tr","a":{"a":0,"k":[0,0],"ix":1},"s":{"a":0,"k":[100,100],"ix":3},"sk":{"a":0,"k":0,"ix":4},"p":{"a":0,"k":[1092.981,1062.493],"ix":2},"r":{"a":1,"k":[{"o":{"x":0.167,"y":0.167},"i":{"x":0.833,"y":0.833},"s":[0],"t":0},{"s":[-45],"t":30}],"ix":6},"sa":{"a":0,"k":0,"ix":5},"o":{"a":0,"k":100,"ix":7}}]},{"ty":"gr","bm":0,"hd":false,"mn":"ADBE Vector Group","nm":"Group 15","ix":15,"cix":2,"np":4,"it":[{"ty":"sh","bm":0,"hd":false,"mn":"ADBE Vector Shape - Group","nm":"Path 1","ix":1,"d":1,"ks":{"a":0,"k":{"c":true,"i":[[8.533,1.744],[4.698,-4.461],[-34.024,13.385],[17.285,20.06]],"o":[[-8.23,-1.682],[-28.753,27.3],[20.457,-8.048],[-7.517,-8.724]],"v":[[2.235,-32.627],[-22.205,-24.1],[12.802,32.88],[25.28,-21.766]]},"ix":2}},{"ty":"sh","bm":0,"hd":false,"mn":"ADBE Vector Shape - Group","nm":"Path 2","ix":2,"d":1,"ks":{"a":0,"k":{"c":true,"i":[[2.827,0.964],[3.017,-1.985],[5.137,5.353],[-11.054,16.357],[1.803,5.136],[9.631,1.674],[-0.013,7.422],[-2.93,2.836],[-5.04,1.678],[-1.181,3.337],[0.544,2.168],[-6.176,6.357],[-3.455,3.598],[-3.308,-1.196],[-0.657,-0.49],[-6.084,3.134],[-2.626,1.689],[-2.301,2.35],[-4.324,-0.007],[-5.704,-23.341],[-4.095,-1.96],[-5.607,3.8],[-10.132,-10.105],[9.122,-12.324],[-2.969,-6.141],[0,0],[-2.767,-3.445],[1.011,-3.959],[3.74,-4.072],[0.061,-0.271],[1.653,-3.997],[1.955,-2.105],[1.329,-0.88],[3.824,1.491],[2.399,-1.351],[4.986,-1.585],[4.26,-2.961],[2.249,1.108],[1.168,5.547],[3.277,1.339]],"o":[[-2.612,0.844],[-5.35,3.52],[-11.421,-11.903],[3.243,-4.798],[-2.89,-8.233],[-10.505,-1.826],[0.009,-4.865],[3.037,-2.939],[2.915,-0.97],[1.934,-5.466],[-1.456,-5.808],[3.464,-3.566],[1.588,-1.654],[1.165,0.421],[8.816,6.569],[3.301,-1.701],[1.134,-4.006],[2.516,-2.286],[17.43,0.032],[4.302,1.345],[6.847,3.277],[12.252,-8.302],[9.334,9.31],[-4.427,5.981],[0,0],[4.455,3.012],[1.928,2.4],[-4.903,4.901],[-0.002,0.002],[2.29,3.837],[-0.73,1.767],[-1.007,1.085],[-5.117,3.386],[-2.946,-1.148],[-5.471,3.081],[-6.651,2.115],[-2.045,1.422],[-3.702,-2.788],[-3.049,-1.145],[-2.858,-1.168]],"v":[[-34.932,59.809],[-47.138,67.89],[-60.059,62.847],[-60.12,39.552],[-63.612,24.672],[-74.384,15.9],[-85.748,7.08],[-84.338,-10.933],[-67.742,-14.777],[-63.841,-21.166],[-58.767,-34.928],[-66.069,-54.04],[-55.796,-64.216],[-49.408,-66.903],[-43.501,-63.273],[-30.032,-59.63],[-16.006,-65.269],[-11.416,-83.349],[-0.625,-84.416],[17.08,-64.661],[29.865,-59.947],[41.611,-61.042],[61.59,-59.526],[62.198,-38.983],[61.851,-27.67],[66.43,-15.603],[85.341,-10.224],[85.962,12.523],[66.457,18.596],[58.977,36.985],[68.156,54.598],[57.821,65.441],[54.505,68.774],[36.861,60.773],[31.455,61.694],[19.394,66.458],[11.779,86.58],[-10.87,86.713],[-16.052,67.664],[-26.17,64.002]]},"ix":2}},{"ty":"mm","bm":0,"hd":false,"mn":"ADBE Vector Filter - Merge","nm":"Merge Paths 1","mm":1},{"ty":"fl","bm":0,"hd":false,"mn":"ADBE Vector Graphic - Fill","nm":"Fill 1","c":{"a":0,"k":[1,1,1],"ix":4},"r":1,"o":{"a":0,"k":100,"ix":5}},{"ty":"tr","a":{"a":0,"k":[0,0],"ix":1},"s":{"a":0,"k":[100,100],"ix":3},"sk":{"a":0,"k":0,"ix":4},"p":{"a":0,"k":[1704.167,503.055],"ix":2},"r":{"a":1,"k":[{"o":{"x":0.167,"y":0.167},"i":{"x":0.833,"y":0.833},"s":[0],"t":0},{"s":[45],"t":30}],"ix":6},"sa":{"a":0,"k":0,"ix":5},"o":{"a":0,"k":100,"ix":7}}]},{"ty":"gr","bm":0,"hd":false,"mn":"ADBE Vector Group","nm":"Group 16","ix":16,"cix":2,"np":4,"it":[{"ty":"sh","bm":0,"hd":false,"mn":"ADBE Vector Shape - Group","nm":"Path 1","ix":1,"d":1,"ks":{"a":0,"k":{"c":true,"i":[[0,9.803],[4.748,4.887],[10.352,0.743],[0,-15.627],[-9.518,-9.402],[-13.695,14.593]],"o":[[0,-9.899],[-5.206,-5.358],[-16.935,-1.216],[0,11.666],[14.351,14.178],[5.075,-5.408]],"v":[[34.001,-2.387],[23.997,-25.73],[0.969,-35.577],[-33.736,-5.309],[-24.094,22.345],[25.465,20.962]]},"ix":2}},{"ty":"sh","bm":0,"hd":false,"mn":"ADBE Vector Shape - Group","nm":"Path 2","ix":2,"d":1,"ks":{"a":0,"k":{"c":true,"i":[[-6.247,-18.315],[-4.264,-1.875],[-6.209,4.169],[-9.482,-10.123],[9.206,-11.589],[-5.787,-18.889],[-0.046,-8.703],[0.838,-1.868],[3.904,-1.874],[0.743,-2.58],[-3.593,-5.226],[0,0],[0.327,-3.397],[1.431,-0.928],[6.141,3.253],[3.454,-1.449],[2.329,-13.639],[1.98,-3.325],[5.422,24.461],[5.9,2.871],[8.481,7.98],[2.018,2.171],[-5.107,6.579],[3.851,11.396],[2.917,1.317],[1.56,4.998],[-0.531,1.591],[-5.147,0.968],[-1.469,3.531],[0.542,2.141],[-3.339,5.89],[-2.131,0.887],[-4.445,-1.162],[-1.905,0.985],[-1.059,1.096],[-7.785,0.405]],"o":[[3.406,2.334],[6.694,2.943],[11.643,-7.818],[8.554,9.133],[-6.011,7.568],[18.415,2.151],[0.015,2.9],[-1.751,3.901],[-2.2,1.056],[-3.204,11.133],[0,0],[1.812,2.463],[-0.909,1.496],[-5.642,3.661],[-3.492,-1.85],[-12.535,5.258],[-1.399,8.193],[-28.62,0],[-6.384,-1.959],[-6.867,-3.342],[-2.084,-1.961],[-4.479,-4.82],[11.928,-15.365],[-1.103,-3.265],[-4.972,-2.246],[-0.629,-2.017],[2.151,-4.139],[1.603,-3.018],[1.117,-2.683],[-1.189,-4.7],[0.164,-0.289],[4.398,-1.831],[2.432,-0.321],[3.72,-1.924],[3.864,-3.994],[30.366,-1.58]],"v":[[16.569,-68.122],[29.171,-63.04],[41.349,-63.972],[61.25,-62.237],[61.948,-41.885],[66.34,-17.703],[86.205,-6.057],[85.539,9.541],[67.404,14.823],[64.507,19.834],[60.188,36.684],[66.489,45.706],[67.988,51.661],[54.275,65.875],[37.149,58.167],[27.282,60.765],[14.327,74.836],[10.946,84.449],[-16.551,64.594],[-33.24,57.7],[-56.025,64.505],[-61.776,58.598],[-66.503,45.149],[-63.927,22.026],[-67.891,14.318],[-85.748,8.913],[-85.618,-12.362],[-66.595,-17.911],[-62.511,-28.264],[-59.05,-37.725],[-67.43,-55.808],[-52.915,-69.819],[-35.137,-60.584],[-30.376,-62.609],[-16.799,-68.059],[-8.89,-87.475]]},"ix":2}},{"ty":"mm","bm":0,"hd":false,"mn":"ADBE Vector Filter - Merge","nm":"Merge Paths 1","mm":1},{"ty":"fl","bm":0,"hd":false,"mn":"ADBE Vector Graphic - Fill","nm":"Fill 1","c":{"a":0,"k":[1,1,1],"ix":4},"r":1,"o":{"a":0,"k":100,"ix":5}},{"ty":"tr","a":{"a":0,"k":[0,0],"ix":1},"s":{"a":0,"k":[100,100],"ix":3},"sk":{"a":0,"k":0,"ix":4},"p":{"a":0,"k":[1458.942,505.908],"ix":2},"r":{"a":1,"k":[{"o":{"x":0.167,"y":0.167},"i":{"x":0.833,"y":0.833},"s":[0],"t":0},{"s":[45],"t":30}],"ix":6},"sa":{"a":0,"k":0,"ix":5},"o":{"a":0,"k":100,"ix":7}}]},{"ty":"gr","bm":0,"hd":false,"mn":"ADBE Vector Group","nm":"Group 17","ix":17,"cix":2,"np":4,"it":[{"ty":"sh","bm":0,"hd":false,"mn":"ADBE Vector Shape - Group","nm":"Path 1","ix":1,"d":1,"ks":{"a":0,"k":{"c":true,"i":[[10.645,2.424],[2.178,-18.247],[-17.261,-1.694],[18.904,21.704]],"o":[[-17.133,-3.901],[-2.385,19.982],[34.601,3.395],[-7.915,-9.088]],"v":[[3.816,-34.571],[-35.381,-4.922],[-5.54,34.704],[26.554,-22.031]]},"ix":2}},{"ty":"sh","bm":0,"hd":false,"mn":"ADBE Vector Shape - Group","nm":"Path 2","ix":2,"d":1,"ks":{"a":0,"k":{"c":true,"i":[[-0.121,7.422],[-4.747,10.525],[-10.806,-2.634],[-12.607,9.879],[1.81,7.323],[-14.548,6.487],[-6.056,-9.167],[-14.008,-0.772],[-4.059,6.585],[-12.475,-4.925],[-2.548,-2.107],[-0.421,-6.818],[-2.193,-2.06],[-2.707,-1.597],[-5.216,-1.221],[-1.521,-3.671],[-0.561,-4.031],[0.789,-2.008],[0,0],[0,0],[5.88,-16.943],[6.247,-6.354],[2.641,-2.457],[2.229,-3.091],[1.224,-4.121],[2.654,1.176],[4.23,3.679],[3.654,-0.185],[9.243,-16.859],[6.878,2.654],[3.248,2.464],[0.627,6.565],[2.022,2.073],[1.946,1.276],[6.188,0.88],[-0.312,5.319],[-5.365,4.799]],"o":[[-7.732,-8.592],[8.051,-17.852],[18.287,4.456],[5.483,-4.297],[-3.712,-15.016],[10.203,-4.549],[7.658,11.592],[7.909,0.436],[8.543,-13.856],[3.912,1.544],[1.165,6.968],[2.882,1.865],[2.314,2.174],[5.542,-0.688],[2.442,2.695],[1.452,3.505],[-0.763,4.257],[0,0],[0,0],[11.31,7.057],[-4.197,12.094],[-2.541,2.585],[-2.475,2.303],[0.628,4.79],[-1.108,2.413],[-3.722,-3.684],[-3.834,-0.356],[-9.194,0.466],[-4.114,7.503],[-5.135,-1.981],[-0.95,-7.759],[-1.599,-1.84],[-1.433,-1.47],[-6.861,-0.577],[-1.817,-0.863],[5.651,-4.598],[-0.177,-7.46]],"v":[[-69.939,-9.496],[-85.189,-27.599],[-69.317,-43.804],[-47.094,-52.324],[-44.225,-64.553],[-31.782,-83.01],[-16.397,-76.986],[1.537,-70.002],[13.104,-74.633],[32.616,-82.159],[43.848,-76.797],[41.166,-56.152],[48.982,-49.605],[56.357,-42.004],[75.734,-44.931],[80.798,-34.658],[85.156,-23.373],[69.098,-10.774],[69.379,10.142],[78.626,16.446],[78.734,39.924],[54.362,43.272],[48.183,50.241],[41.334,56.969],[44.239,75.959],[21.102,85.36],[9.609,69.45],[0.114,70.103],[-18.238,80.986],[-31.713,82.941],[-45.03,76.886],[-42.476,56.296],[-50.181,49.553],[-56.862,42.394],[-76.599,45.214],[-86.068,21.626],[-69.899,10.224]]},"ix":2}},{"ty":"mm","bm":0,"hd":false,"mn":"ADBE Vector Filter - Merge","nm":"Merge Paths 1","mm":1},{"ty":"fl","bm":0,"hd":false,"mn":"ADBE Vector Graphic - Fill","nm":"Fill 1","c":{"a":0,"k":[1,1,1],"ix":4},"r":1,"o":{"a":0,"k":100,"ix":5}},{"ty":"tr","a":{"a":0,"k":[0,0],"ix":1},"s":{"a":0,"k":[100,100],"ix":3},"sk":{"a":0,"k":0,"ix":4},"p":{"a":0,"k":[1582.199,382.278],"ix":2},"r":{"a":1,"k":[{"o":{"x":0.167,"y":0.167},"i":{"x":0.833,"y":0.833},"s":[0],"t":0},{"s":[-45],"t":30}],"ix":6},"sa":{"a":0,"k":0,"ix":5},"o":{"a":0,"k":100,"ix":7}}]},{"ty":"gr","bm":0,"hd":false,"mn":"ADBE Vector Group","nm":"Group 18","ix":18,"cix":2,"np":4,"it":[{"ty":"sh","bm":0,"hd":false,"mn":"ADBE Vector Shape - Group","nm":"Path 1","ix":1,"d":1,"ks":{"a":0,"k":{"c":true,"i":[[-41.273,0],[-6.259,4.649],[-3.231,7.223],[12.668,12.48],[17.985,-17.942]],"o":[[7.685,0],[6.435,-4.78],[8.053,-18.004],[-18.159,-17.891],[-29.844,29.773]],"v":[[0.875,46.618],[26.856,37.62],[42.463,18.157],[32.387,-33.021],[-32.787,-32.965]]},"ix":2}},{"ty":"sh","bm":0,"hd":false,"mn":"ADBE Vector Shape - Group","nm":"Path 2","ix":2,"d":1,"ks":{"a":0,"k":{"c":true,"i":[[-3.903,-1.77],[-0.003,-5.583],[-9.7,-0.433],[9.815,-15.669],[0,0],[-2.85,-1.783],[-2.464,-4.255],[4.219,-2.193],[-6.046,-11.337],[0,0],[1.711,-2.005],[6.058,-7.516],[3.834,-8.873],[3.767,2.232],[5.042,-1.708],[2.001,-3.331],[3.234,-1.709],[2.79,5.173],[13.472,-7.431],[4.546,0.75],[4.829,4.834],[13.06,2.593],[-3.292,5.657],[1.711,4.8],[2.413,6.046],[-3.089,1.666],[0,0],[10.447,17.742],[-1.367,4.083],[-4.251,4.708],[-1.996,8.876],[-6.589,2.642],[-1.856,3.374],[-1.704,3.274],[-3.027,0.828],[-1.666,-2.891],[-11.819,7.813],[-3.341,1.821]],"o":[[1.349,4.086],[0.004,8.89],[32.951,1.472],[0,0],[-2.126,4.433],[5.577,3.487],[-1.79,3.565],[-22.213,11.548],[0,0],[2.161,3.485],[-4.052,4.747],[-5.206,6.458],[-3.93,0.619],[-3.744,-2.218],[-3.891,1.319],[-3.598,5.99],[-2.946,-0.958],[-7.88,-14.611],[-3.886,2.144],[-2.598,-10.889],[-6.017,-6.023],[-1.156,-3.897],[3.421,-5.879],[-2.283,-6.404],[1.158,-3.33],[0,0],[12.938,-7.009],[-2.354,-3.997],[8.495,-2.09],[3.929,-4.352],[6.936,-1.005],[2.806,-1.125],[1.977,-3.593],[1.945,-3.736],[2.212,0.255],[5.041,8.749],[3.487,-2.305],[7.064,-3.849]],"v":[[62.393,-106.674],[62.554,-81.842],[69.479,-62.532],[103.373,-53.156],[88.675,-28.337],[91.2,-19.491],[123.915,-0.038],[105.337,11.641],[92.208,34.286],[103.096,52.609],[106.627,61.768],[64.158,65.431],[62.124,107.14],[42.923,97.417],[23.321,88.835],[16.502,96.689],[0.144,123.916],[-16.814,96.519],[-43.259,97.525],[-62.432,107.086],[-64.815,64.934],[-106.977,62.521],[-97.432,42.61],[-88.587,23.052],[-123.915,-0.038],[-115.051,-6.394],[-95.896,-17.149],[-97.688,-43.173],[-106.906,-62.526],[-64.333,-64.52],[-62.432,-107.214],[-22.952,-88.064],[-11.319,-106.425],[-6.064,-115.844],[0.144,-123.916],[17.015,-95.813],[34.281,-92.246],[43.417,-97.719]]},"ix":2}},{"ty":"mm","bm":0,"hd":false,"mn":"ADBE Vector Filter - Merge","nm":"Merge Paths 1","mm":1},{"ty":"fl","bm":0,"hd":false,"mn":"ADBE Vector Graphic - Fill","nm":"Fill 1","c":{"a":0,"k":[1,1,1],"ix":4},"r":1,"o":{"a":0,"k":100,"ix":5}},{"ty":"tr","a":{"a":0,"k":[0,0],"ix":1},"s":{"a":0,"k":[100,100],"ix":3},"sk":{"a":0,"k":0,"ix":4},"p":{"a":0,"k":[1038.174,464.849],"ix":2},"r":{"a":1,"k":[{"o":{"x":0.167,"y":0.167},"i":{"x":0.833,"y":0.833},"s":[0],"t":0},{"s":[-30],"t":30}],"ix":6},"sa":{"a":0,"k":0,"ix":5},"o":{"a":0,"k":100,"ix":7}}]},{"ty":"gr","bm":0,"hd":false,"mn":"ADBE Vector Group","nm":"Group 19","ix":19,"cix":2,"np":4,"it":[{"ty":"sh","bm":0,"hd":false,"mn":"ADBE Vector Shape - Group","nm":"Path 1","ix":1,"d":1,"ks":{"a":0,"k":{"c":true,"i":[[-15.85,0],[-4.417,2.099],[37.959,17.174],[12.616,-5.664],[-22.455,-23.395]],"o":[[5.979,0],[32.054,-15.228],[-12.799,-5.791],[-27.743,12.455],[9.813,10.223]],"v":[[2.071,49.54],[20.881,44.653],[18.791,-39.065],[-19.412,-38.758],[-33.459,35.077]]},"ix":2}},{"ty":"sh","bm":0,"hd":false,"mn":"ADBE Vector Shape - Group","nm":"Path 2","ix":2,"d":1,"ks":{"a":0,"k":{"c":true,"i":[[-4.388,0.194],[0,-10.76],[-11.794,0],[0,0],[2.314,-3.99],[-1.079,-4.6],[0.072,-4.545],[2.331,-1.29],[3.252,-1.85],[0.874,-3.737],[1.348,-7.358],[8.313,0.026],[-0.044,-7.472],[2.116,-5.673],[5.426,3.175],[4.453,-1.686],[1.894,-3.424],[1.763,-3.371],[3.211,-1.608],[2.119,3.681],[35.494,-21.984],[0,21.209],[47.156,-0.455],[-4.769,7.897],[11.889,6.493],[3.137,1.761],[1.595,3.381],[-4.816,2.794],[13.054,21.208],[-36.549,0],[0.626,20.713],[-20.094,-12.131],[-6.047,0.222],[-6.088,10.534],[-15.5,-26.146],[-15.663,9.826],[0,0]],"o":[[1.865,7.417],[0,10.028],[0,0],[1.176,4.12],[-2.063,3.558],[1.558,6.646],[-0.046,2.876],[-2.994,1.659],[-2.529,1.439],[-1.806,7.72],[-7.444,1.474],[-10.51,0],[0.046,7.833],[-4.95,-0.073],[-3.466,-2.028],[-3.951,1.496],[-1.992,3.601],[-2.037,3.893],[-3.126,-1.47],[-12.592,-21.881],[-10.719,6.639],[0,-28.041],[-7.777,0.075],[10.751,-17.802],[-3.307,-1.806],[-4.353,-2.443],[1.457,-3.569],[10.794,-6.26],[-13.684,-22.231],[17.563,0],[-0.932,-30.81],[5.642,3.406],[6.71,-10.349],[8.844,-15.303],[7.714,13.014],[0,0],[3.373,-1.998]],"v":[[62.159,-104.233],[62.318,-66.174],[88.994,-59.631],[106.844,-58.87],[97.564,-40.09],[88.212,-20.307],[123.679,3.213],[105.655,14.751],[96.331,20.051],[88.407,26.81],[106.862,65.633],[70.733,65.877],[62.734,84.255],[61.991,110.479],[33.592,95.115],[23.164,92.138],[16.495,100.157],[11.189,109.484],[-0.12,127.166],[-11.625,108.97],[-54.413,107.43],[-63.186,89.398],[-103.843,66.274],[-98.847,48.374],[-95.178,20.841],[-104.99,15.335],[-123.75,3.213],[-95.551,-14.087],[-98.554,-41.505],[-76.828,-59.631],[-63.185,-80.781],[-44.358,-94.96],[-22.476,-84.433],[-6.353,-111.863],[15.055,-95.97],[36.494,-90.16],[46.918,-96.536]]},"ix":2}},{"ty":"mm","bm":0,"hd":false,"mn":"ADBE Vector Filter - Merge","nm":"Merge Paths 1","mm":1},{"ty":"fl","bm":0,"hd":false,"mn":"ADBE Vector Graphic - Fill","nm":"Fill 1","c":{"a":0,"k":[1,1,1],"ix":4},"r":1,"o":{"a":0,"k":100,"ix":5}},{"ty":"tr","a":{"a":0,"k":[0,0],"ix":1},"s":{"a":0,"k":[100,100],"ix":3},"sk":{"a":0,"k":0,"ix":4},"p":{"a":0,"k":[1678.85,1004.382],"ix":2},"r":{"a":0,"k":0,"ix":6},"sa":{"a":0,"k":0,"ix":5},"o":{"a":0,"k":100,"ix":7}}]},{"ty":"gr","bm":0,"hd":false,"mn":"ADBE Vector Group","nm":"Group 20","ix":20,"cix":2,"np":4,"it":[{"ty":"sh","bm":0,"hd":false,"mn":"ADBE Vector Shape - Group","nm":"Path 1","ix":1,"d":1,"ks":{"a":0,"k":{"c":true,"i":[[-41.563,0],[-5.375,5.537],[-0.968,13.202],[5.527,5.798],[17.256,-19.064]],"o":[[11.197,0],[6.527,-6.724],[0.802,-10.941],[-18.481,-19.384],[-24.136,26.665]],"v":[[1.32,43.761],[30.412,30.71],[43.358,1.139],[32.091,-29.169],[-32.574,-29.375]]},"ix":2}},{"ty":"sh","bm":0,"hd":false,"mn":"ADBE Vector Shape - Group","nm":"Path 2","ix":2,"d":1,"ks":{"a":0,"k":{"c":true,"i":[[-3.861,4.973],[-15.68,15.902],[5.566,12.707],[-6.288,0.082],[-1.506,-2.884],[-2.541,-2.539],[-9.942,9.787],[-2.663,8.61],[-4.66,-3.106],[-16.17,-16.242],[-2.888,-1.348],[-0.002,-7.065],[2.743,-1.556],[-19.325,-10.74],[0,0],[-1.148,-1.885],[3.18,-2.474],[9.373,-1.446],[3.307,-3.557],[-3.368,-10.604],[-0.67,-2.667],[5.764,-0.056],[7.154,5.998],[7.931,-14.446],[2.064,-2.147],[4.137,2.096],[2.192,1.034],[-1.061,3.745],[22.81,-6.936],[3.318,-0.172],[-1.467,6.699],[-3.468,2.036],[0.097,10.429],[12.745,2.826]],"o":[[5.068,-0.115],[12.041,-12.212],[5.391,-5.177],[1.605,2.667],[1.806,3.459],[9.145,9.135],[5.818,-5.728],[7.562,-1.385],[-0.48,3.852],[16.769,16.844],[4.302,4.662],[-2.988,1.69],[-19.243,10.915],[0,0],[1.815,0.938],[2.341,3.802],[-4.401,-0.943],[-7.04,1.086],[-6.989,7.519],[1.083,3.411],[-4.022,4.885],[-2.204,-3.02],[-15.236,-12.774],[-1.33,2.423],[-2.528,1.183],[-2.379,-1.205],[0.148,-4.033],[5.646,-19.926],[-3.879,1.179],[-3.32,-2.864],[2.435,-1.307],[7.287,-4.279],[-0.134,-14.352],[-0.028,-8.17]],"v":[[-103.069,-60.975],[-65.45,-65.162],[-61.981,-101.899],[-29.146,-115.617],[-25.041,-106.403],[-19.171,-99.153],[18.17,-99.08],[27.516,-115.197],[61.122,-102.324],[64.466,-65.212],[102.121,-60.952],[114.898,-28.7],[105.841,-24.6],[106.111,24.653],[112.858,27.392],[114.524,28.814],[101.391,61.293],[81.157,56.673],[64.597,64.894],[57.48,92.968],[61.101,101.678],[28.212,115.547],[18.135,98.747],[-25.301,106.483],[-29.359,115.399],[-54.628,106.492],[-61.553,102.583],[-58.074,92.633],[-93.616,57.909],[-102.415,61.293],[-115.398,27.912],[-106.083,24.243],[-92.247,-0.571],[-115.771,-28.051]]},"ix":2}},{"ty":"mm","bm":0,"hd":false,"mn":"ADBE Vector Filter - Merge","nm":"Merge Paths 1","mm":1},{"ty":"fl","bm":0,"hd":false,"mn":"ADBE Vector Graphic - Fill","nm":"Fill 1","c":{"a":0,"k":[1,1,1],"ix":4},"r":1,"o":{"a":0,"k":100,"ix":5}},{"ty":"tr","a":{"a":0,"k":[0,0],"ix":1},"s":{"a":0,"k":[100,100],"ix":3},"sk":{"a":0,"k":0,"ix":4},"p":{"a":0,"k":[483.151,503.175],"ix":2},"r":{"a":1,"k":[{"o":{"x":0.167,"y":0.167},"i":{"x":0.833,"y":0.833},"s":[0],"t":0},{"s":[-45],"t":30}],"ix":6},"sa":{"a":0,"k":0,"ix":5},"o":{"a":0,"k":100,"ix":7}}]},{"ty":"gr","bm":0,"hd":false,"mn":"ADBE Vector Group","nm":"Group 21","ix":21,"cix":2,"np":4,"it":[{"ty":"sh","bm":0,"hd":false,"mn":"ADBE Vector Shape - Group","nm":"Path 1","ix":1,"d":1,"ks":{"a":0,"k":{"c":true,"i":[[11.216,2.317],[2.799,-24.509],[-1.987,-7.188],[-17.487,-2.076],[-3.398,24.867],[15.671,8.308]],"o":[[-23.94,-4.946],[-0.991,8.678],[4.492,16.253],[29.377,3.488],[2.737,-20.034],[-10.609,-5.624]],"v":[[6.079,-47.628],[-47.925,-7.222],[-46.276,14.641],[-7.368,48.213],[47.859,6.873],[24.469,-41.405]]},"ix":2}},{"ty":"sh","bm":0,"hd":false,"mn":"ADBE Vector Shape - Group","nm":"Path 2","ix":2,"d":1,"ks":{"a":0,"k":{"c":true,"i":[[-4.442,0],[-2.926,-3.239],[8.094,-11.762],[2.847,-4.26],[-1.649,-3.149],[0,0],[-0.607,-1.188],[0,-11.431],[10.961,-2.573],[3.121,-0.402],[6.995,-16.189],[-15.16,-21.43],[13.707,-14.503],[17.954,13.22],[5.482,-3.161],[7.625,-1.737],[25.387,0],[2.141,9.539],[3.39,4.005],[0,0],[8.879,-6.842],[2.585,-1.761],[19.355,20.117],[-5.344,7.888],[8.094,23.174],[12.917,2.648],[0,36.465],[-3.738,0.749],[-14.43,27.06],[11.927,15.078],[-5.945,5.87],[-7.121,-3.468],[-1.953,-1.33],[-2.793,-1.885],[-24.931,7.519],[-1.893,11.517],[-26.69,0.201],[-5.023,-21.951],[-2.754,-1.568],[-6.311,-3.504],[-6.917,4.325]],"o":[[3.904,0],[11.608,12.843],[-2.754,4.002],[-1.828,2.737],[0,0],[0.826,2.195],[3.397,6.653],[0,29.188],[-3.224,0.757],[-11.788,1.517],[-5.829,13.49],[7.37,10.419],[-8.541,9.037],[-4.454,-3.28],[-6.44,3.713],[-8.26,30.506],[-10.066,0],[-1.321,-5.887],[0,0],[-7.256,-3.653],[-2.523,1.944],[-10.306,7.021],[-6.898,-7.17],[14.097,-20.806],[-4.056,-11.61],[-19.967,-4.094],[0,-8.027],[26.576,-5.328],[2.694,-5.052],[-6.356,-8.035],[8.585,-8.476],[1.551,0.755],[2.869,1.955],[7.962,5.376],[5.969,-1.801],[2.304,-14.014],[14.014,-0.105],[0.682,2.982],[0.815,0.464],[7.73,4.292],[3.851,-2.408]],"v":[[73.735,-97.834],[85.331,-89.151],[94.555,-65.516],[86.06,-53.512],[85.438,-46.959],[91.846,-32.818],[94.167,-24.966],[123.329,-12.538],[115.237,20.259],[102.983,22.522],[89.531,39.041],[94.913,67.096],[82.48,92.607],[55.818,87.916],[45.64,86.449],[23.823,94.646],[-0.04,123.701],[-19.878,116.803],[-24.892,94.805],[-43.869,87.506],[-58.332,89.144],[-65.637,94.251],[-94.108,80.81],[-93.788,64.621],[-92.278,32.208],[-106.23,21.419],[-123.308,-12.538],[-112.069,-20.232],[-86.071,-45.993],[-94.619,-66.234],[-92.785,-81.9],[-70.053,-97.373],[-62.276,-92.018],[-54.473,-86.634],[-27.472,-93.321],[-20.295,-112.328],[8.735,-122.942],[22.996,-98.424],[25.373,-94.173],[44.309,-86.806],[57.254,-88.177]]},"ix":2}},{"ty":"mm","bm":0,"hd":false,"mn":"ADBE Vector Filter - Merge","nm":"Merge Paths 1","mm":1},{"ty":"fl","bm":0,"hd":false,"mn":"ADBE Vector Graphic - Fill","nm":"Fill 1","c":{"a":0,"k":[1,1,1],"ix":4},"r":1,"o":{"a":0,"k":100,"ix":5}},{"ty":"tr","a":{"a":0,"k":[0,0],"ix":1},"s":{"a":0,"k":[100,100],"ix":3},"sk":{"a":0,"k":0,"ix":4},"p":{"a":0,"k":[911.26,987.996],"ix":2},"r":{"a":1,"k":[{"o":{"x":0.167,"y":0.167},"i":{"x":0.833,"y":0.833},"s":[0],"t":0},{"s":[45],"t":30}],"ix":6},"sa":{"a":0,"k":0,"ix":5},"o":{"a":0,"k":100,"ix":7}}]},{"ty":"gr","bm":0,"hd":false,"mn":"ADBE Vector Group","nm":"Group 22","ix":22,"cix":2,"np":4,"it":[{"ty":"sh","bm":0,"hd":false,"mn":"ADBE Vector Shape - Group","nm":"Path 1","ix":1,"d":1,"ks":{"a":0,"k":{"c":true,"i":[[-15.628,0],[-0.731,26.112],[15.641,7.258],[-37.272,-37.26]],"o":[[26.259,0],[0.505,-18.051],[-49.166,-22.815],[10.619,10.615]],"v":[[1.109,47.437],[48.122,-1.226],[19.868,-44.672],[-35.027,32.858]]},"ix":2}},{"ty":"sh","bm":0,"hd":false,"mn":"ADBE Vector Shape - Group","nm":"Path 2","ix":2,"d":1,"ks":{"a":0,"k":{"c":true,"i":[[-4.169,1.494],[-3.825,6.907],[-0.661,2.337],[0.577,3.673],[-4.852,4.885],[-6.179,-3.215],[0,0],[-12.904,4.823],[-3.777,22.259],[-6.647,0.376],[-6.051,0.016],[-1.933,-6.34],[-0.57,-3.868],[-7.337,-2.295],[-8.931,6.904],[-3.715,2.83],[-11.813,-11.717],[-1.262,-2.631],[2.393,-2.952],[3.159,-4.261],[-4.55,-9.379],[-1.063,-4.232],[-9.162,-1.619],[0,-16.913],[0.619,-2.228],[4.672,-3.294],[0.892,-2.271],[-10.934,-13.466],[5.3,-5.037],[0,0],[5.724,3.359],[3.289,2.252],[25.852,-6.456],[2.947,-14.647],[23.812,-0.09],[3.244,18.789],[21.074,10.633],[17.78,-12.931],[10.989,11.225],[-16.691,23.463],[1.209,2.655],[3.925,12.72],[7.908,1.839],[3.358,1.539],[-0.001,6.347],[-0.663,3.279],[-5.384,1.198]],"o":[[2.189,-2.886],[1.36,-2.456],[-2.377,-4.347],[-0.813,-5.178],[2.988,-3.008],[0,0],[5.734,4.08],[13.756,-5.14],[0.898,-5.295],[5.925,-0.336],[6.785,-0.019],[1.055,3.46],[1.228,8.325],[21.306,6.665],[4.038,-3.121],[9.234,-7.034],[2.365,2.345],[2.28,4.758],[-3.037,3.745],[-3.277,4.419],[1.888,3.894],[1.543,6.146],[20.251,3.58],[0,3.263],[-1.833,6.595],[-1.554,1.096],[-5.231,13.321],[6.329,7.794],[0,0],[-2.751,2.862],[-3.507,-2.059],[-16.138,-11.051],[-6.982,1.744],[-2.495,12.404],[-13.981,0.053],[-2.202,-12.751],[-7.617,-3.843],[-9.229,6.712],[-13.467,-13.755],[1.631,-2.292],[-3.772,-8.289],[-2.5,-8.104],[-3.894,-0.906],[-4.705,-2.156],[0,-4.057],[1.094,-5.412],[4.698,-1.045]],"v":[[-95.795,-24.834],[-87.569,-45.189],[-84.443,-51.478],[-98.75,-73.572],[-82.529,-93.47],[-70.352,-98.362],[-54.409,-87.225],[-35.134,-92.123],[-20.638,-114.166],[-12.735,-124.293],[6.226,-124.293],[18.957,-118.945],[21.662,-103.458],[30.021,-93.529],[55.588,-88.3],[66.421,-95.742],[88.209,-86.706],[97.157,-77.329],[93.255,-65.263],[85.734,-54.48],[87.969,-41.935],[92.951,-28.669],[105.001,-22.383],[122.757,-3.273],[122.54,14.548],[94.914,23.259],[89.47,36.863],[90.678,60.52],[94.98,78.196],[81.117,92.08],[69.315,96.549],[58.537,89.03],[27.085,92.746],[19.425,112.881],[-7.681,122.754],[-22.774,101.819],[-44.529,86.238],[-66.902,93.784],[-88.735,85.838],[-86.75,52.73],[-85.355,47.453],[-93.736,28.01],[-104.689,20.827],[-120.547,17.59],[-123.88,2.57],[-123.731,-15.601],[-111.398,-21.582]]},"ix":2}},{"ty":"mm","bm":0,"hd":false,"mn":"ADBE Vector Filter - Merge","nm":"Merge Paths 1","mm":1},{"ty":"fl","bm":0,"hd":false,"mn":"ADBE Vector Graphic - Fill","nm":"Fill 1","c":{"a":0,"k":[1,1,1],"ix":4},"r":1,"o":{"a":0,"k":100,"ix":5}},{"ty":"tr","a":{"a":0,"k":[0,0],"ix":1},"s":{"a":0,"k":[100,100],"ix":3},"sk":{"a":0,"k":0,"ix":4},"p":{"a":0,"k":[1044.514,1540.396],"ix":2},"r":{"a":0,"k":0,"ix":6},"sa":{"a":0,"k":0,"ix":5},"o":{"a":0,"k":100,"ix":7}}]},{"ty":"gr","bm":0,"hd":false,"mn":"ADBE Vector Group","nm":"Group 23","ix":23,"cix":2,"np":4,"it":[{"ty":"sh","bm":0,"hd":false,"mn":"ADBE Vector Shape - Group","nm":"Path 1","ix":1,"d":1,"ks":{"a":0,"k":{"c":true,"i":[[37.469,7.045],[8.663,-6.9],[2.481,-3.779],[1.456,-6.643],[-14.811,-9.624],[-14.034,11.233]],"o":[[-14.737,-2.771],[-3.836,3.055],[-3.372,5.138],[-4.352,19.861],[16.029,10.416],[33.062,-26.463]],"v":[[9.291,-45.419],[-27.76,-36.437],[-38.93,-24.257],[-45.326,-7.362],[-23.621,40.116],[29.175,37.263]]},"ix":2}},{"ty":"sh","bm":0,"hd":false,"mn":"ADBE Vector Shape - Group","nm":"Path 2","ix":2,"d":1,"ks":{"a":0,"k":{"c":true,"i":[[-3.708,-4.043],[1.183,-3.376],[-0.221,-4.118],[-18.695,5.694],[-3.263,0.438],[2.128,-2.939],[0.061,-23.771],[-8.683,-4.986],[-1.985,-1.657],[3.427,-3.302],[3.452,1.017],[-5.924,-20.472],[-0.666,-2.734],[7.52,1.304],[1.821,3.203],[2.048,1.773],[7.002,-25.811],[6.648,3.464],[2.38,1.398],[17.525,17.521],[3.091,-0.15],[-0.415,6.786],[-0.68,23.881],[11.741,3.926],[-8.736,20.159],[-1.473,2.81],[-10.83,-3.412],[6.397,20.295],[0.361,3.255],[-9.181,0.016],[-12.607,-6.015],[-7.959,6.297],[-2.145,4.536],[-11.024,-3.308]],"o":[[-0.607,2.975],[-1.185,3.379],[0.928,17.303],[3.889,-1.185],[4.934,4.207],[-0.263,0.363],[-0.028,10.88],[3.14,1.802],[0.937,6.269],[-4.137,0.145],[-25.489,-7.506],[1.061,3.666],[-2.206,3.707],[-1.424,-2.609],[-1.663,-2.925],[-17.176,-14.866],[-7.5,-0.031],[-2.777,-1.447],[0.339,-4.059],[-16.501,-16.498],[-3.691,-3.984],[3.179,-2.195],[0.376,-13.241],[-5.202,-1.739],[1.293,-2.985],[6.393,-12.193],[24.858,7.832],[-1.153,-3.655],[4.802,-4.664],[3.748,7.75],[11.011,5.253],[3.296,-2.608],[3.546,-7.5],[7.235,2.171]],"v":[[66.489,-108.644],[62.694,-99.376],[61.68,-87.399],[99.902,-61.425],[109.682,-65.255],[123.997,-29.959],[98.734,0.245],[114.093,26.568],[124.174,31.091],[110.401,65.744],[100.769,62.546],[62.425,99.404],[66.489,109.073],[30.925,123.607],[27.067,114.305],[21.016,106.506],[-29.44,123.912],[-57.174,114.591],[-64.997,110.115],[-69.161,69.585],[-108.807,65.892],[-123.036,31.102],[-97.706,0.932],[-117.756,-27.932],[-117.389,-48.656],[-113.442,-57.122],[-99.315,-61.657],[-61.032,-98.517],[-64.934,-108.581],[-29.656,-123.029],[-12.157,-100.639],[19.085,-104.282],[27.976,-115.102],[38.778,-121.603]]},"ix":2}},{"ty":"mm","bm":0,"hd":false,"mn":"ADBE Vector Filter - Merge","nm":"Merge Paths 1","mm":1},{"ty":"fl","bm":0,"hd":false,"mn":"ADBE Vector Graphic - Fill","nm":"Fill 1","c":{"a":0,"k":[1,1,1],"ix":4},"r":1,"o":{"a":0,"k":100,"ix":5}},{"ty":"tr","a":{"a":0,"k":[0,0],"ix":1},"s":{"a":0,"k":[100,100],"ix":3},"sk":{"a":0,"k":0,"ix":4},"p":{"a":0,"k":[375.434,1013.191],"ix":2},"r":{"a":1,"k":[{"o":{"x":0.167,"y":0.167},"i":{"x":0.833,"y":0.833},"s":[0],"t":0},{"s":[45],"t":30}],"ix":6},"sa":{"a":0,"k":0,"ix":5},"o":{"a":0,"k":100,"ix":7}}]},{"ty":"gr","bm":0,"hd":false,"mn":"ADBE Vector Group","nm":"Group 24","ix":24,"cix":2,"np":4,"it":[{"ty":"sh","bm":0,"hd":false,"mn":"ADBE Vector Shape - Group","nm":"Path 1","ix":1,"d":1,"ks":{"a":0,"k":{"c":true,"i":[[6.48,1.521],[2.208,-23.651],[-27.9,25.211],[-3.927,6.507],[11.473,14.423],[3.471,1.99]],"o":[[-23.375,-5.487],[-4.368,46.801],[4.731,-4.275],[10.053,-16.659],[-3.207,-4.032],[-8.677,-4.974]],"v":[[5.73,-46.67],[-46.677,-7.319],[28.857,35.163],[39.746,22.706],[35.62,-30.205],[23.063,-40.991]]},"ix":2}},{"ty":"sh","bm":0,"hd":false,"mn":"ADBE Vector Shape - Group","nm":"Path 2","ix":2,"d":1,"ks":{"a":0,"k":{"c":true,"i":[[0,-12.7],[-14.283,0],[-8.038,1.428],[-2.053,-3.966],[2.25,-3.454],[5.977,-7.433],[0,-10.538],[-3.471,-3.372],[-8.265,-2.416],[4.639,-4.327],[2.794,1.041],[0,-20.972],[8.032,-4.366],[8.772,-3.04],[5.379,9.177],[11.496,0.148],[4.801,-3.656],[1.94,-3.448],[3.319,3.476],[18.68,19.844],[10.982,-3.951],[3.38,-0.193],[2.538,6.506],[0.046,5.871],[0,0],[-0.193,0.098],[-8.719,8.718],[10.059,11.073],[4.62,3.56],[-3.901,6.973],[-17.3,7.951],[0,9.916],[2.092,4.978],[0.635,4.362],[-5.282,-1.043],[-9.206,-8.266],[-11.451,10.718],[-1.801,2.912],[0,0],[-0.056,0.144],[0,0],[-6.168,-3.749]],"o":[[0,15.729],[16.531,0],[2.716,2.653],[2.523,4.874],[-1.328,2.038],[-6.595,8.203],[0,6.432],[5.212,5.063],[0.537,8.439],[-2.34,-0.4],[-19.705,-7.343],[0,12.631],[-8.222,4.469],[-13.922,4.825],[-5.286,-9.018],[-7.913,-0.102],[-6.463,4.921],[-5.989,1.113],[-1.358,-3.174],[-7.543,-8.014],[-3.326,1.197],[-2.772,-5.299],[-2.08,-5.332],[0,0],[0.136,-0.078],[6.724,-3.399],[10.856,-10.856],[-7.968,-8.771],[-0.902,-8.244],[5.958,0.313],[8.276,-3.804],[0,-4.781],[-1.341,-3.191],[3.554,-3.059],[3.091,1.28],[11.64,10.451],[2.684,-2.512],[0,0],[0.058,-0.152],[0,0],[6.137,-0.101],[6.295,3.826]],"v":[[59.989,-92.005],[87.93,-61.771],[108.383,-66.487],[113.364,-59.015],[122.501,-31.22],[105.923,-21.358],[97.843,1.484],[106.129,19.829],[122.818,29.35],[108.383,64.902],[100.777,61.653],[59.989,90.591],[61.604,111.015],[39.803,120.587],[25.677,112.683],[-0.535,97.419],[-20.402,104.963],[-30.927,122.754],[-65.871,108.583],[-70.324,68.421],[-101.62,61.677],[-110.165,64.933],[-118.195,49.065],[-124.027,29.969],[-123.096,29.354],[-122.141,28.805],[-106.842,19.286],[-106.58,-20.938],[-123.849,-31.383],[-110.231,-66.404],[-77.757,-64.846],[-61.137,-89.813],[-63.274,-102.961],[-66.133,-110.259],[-31.746,-124.37],[-20.564,-106.921],[19.59,-107.04],[25.882,-114.578],[29.118,-122.352],[29.316,-122.851],[29.996,-124.573],[62.766,-112.092]]},"ix":2}},{"ty":"mm","bm":0,"hd":false,"mn":"ADBE Vector Filter - Merge","nm":"Merge Paths 1","mm":1},{"ty":"fl","bm":0,"hd":false,"mn":"ADBE Vector Graphic - Fill","nm":"Fill 1","c":{"a":0,"k":[1,1,1],"ix":4},"r":1,"o":{"a":0,"k":100,"ix":5}},{"ty":"tr","a":{"a":0,"k":[0,0],"ix":1},"s":{"a":0,"k":[100,100],"ix":3},"sk":{"a":0,"k":0,"ix":4},"p":{"a":0,"k":[1530.173,1443.61],"ix":2},"r":{"a":0,"k":0,"ix":6},"sa":{"a":0,"k":0,"ix":5},"o":{"a":0,"k":100,"ix":7}}]}],"ind":1}],"v":"5.9.6","fr":30,"op":30,"ip":0,"assets":[]}